"RegionName","City","State","Metro","CountyName","SizeRank","2010-02","2010-03","2010-04","2010-05","2010-06","2010-07","2010-08","2010-09","2010-10","2010-11","2010-12","2011-01","2011-02","2011-03","2011-04","2011-05","2011-06","2011-07","2011-08","2011-09","2011-10","2011-11","2011-12","2012-01","2012-02","2012-03","2012-04","2012-05","2012-06","2012-07","2012-08","2012-09","2012-10","2012-11","2012-12","2013-01","2013-02","2013-03","2013-04","2013-05","2013-06","2013-07","2013-08","2013-09","2013-10","2013-11","2013-12","2014-01","2014-02","2014-03","2014-04","2014-05","2014-06","2014-07","2014-08","2014-09","2014-10","2014-11","2014-12","2015-01","2015-02","2015-03","2015-04","2015-05","2015-06","2015-07","2015-08","2015-09","2015-10"
"Paradise","Las Vegas","NV","Las Vegas","Clark",1,,,,,,,,,,,,,,,,,,,,,,,,1195,1195,1175,1195,1195,1195,1150,1150,1150,1100,1100,1099,1100,1150,1150,1150,1175,1200,1200,1200,1200,1200,1200,1200,1250,1247.5,1250,1250,1275,1295,1250,1250,1250,1250,1295,1250,1250,1295,1295,1300,1295,1315,1300,1300,1350,1295
"Maryvale","Phoenix","AZ","Phoenix","Maricopa",2,,,,,,895,937.5,895,875,875,899,850,850,850,850,850,850,850,850,850,850,845,800,825,825,850,850,875,895,895,895,895,895,875,875,850,850,850,850,850,850,850,850,870,850,875,850,850,850,850,872.5,882,895,879,900,895,895,895,900,899,898,900,920,922,925,932,935,925,925
"Upper West Side","New York","NY","New York","New York",3,,,,,,,,,3999,3600,3650,3010,2597.5,3035,3157.5,3190,3200,3300,3360,3400,3390,3632.5,3600,3650,3550,3495,3450,3500,3530,3570,3600,3597,3585,3450,3360,3300,3250,3250,3200,3396,3400,3337.5,3246.5,3295,3295,3250,3226,3100,3100,3100,3100,3200,3195,3153,3239,3295,3297.5,3350,3350,3350,3295,3235,3295,3300,3350,3300,3350,3377,3350
"Sherman Oaks","Los Angeles","CA","Los Angeles-Long Beach-Anaheim, CA","Los Angeles",4,,,,,,,,,,,,,3750,3600,3550,3550,3575,3047.5,3000,3000,3462.5,3375,3497.5,3472.5,3297.5,3200,3500,3500,3300,3050,2900,2950,2875,2900,3200,3200,3200,3225,3395,3695,3995,4200,3950,3500,3500,3450,3800,3797.5,3800,3850,3800,4190,4158,4400,4100,4025,4000,4000,3925,4100,4050,4275,4350,4495,4150,4400,4200,4450,4700
"South Los Angeles","Los Angeles","CA","Los Angeles-Long Beach-Anaheim, CA","Los Angeles",5,,,,,,,,,,,,,,,,,,,,,,,,,,,,,,,,,,,,,,,,,,,,,,,,1700,1699.5,1650,1700,1750,1697.5,1695,1757.5,1850,1950,1950,2000,1925,1900,1895,1939,1977.5,2100,1850,1950,1995,2000
"Upper East Side","New York","NY","New York","New York",6,,,,,,,,,,,,,2250,2600,2797.5,2885,3100,3100,3097.5,3150,3200,3295,3350,3397.5,3112.5,3020,3000,3051,2842.5,2800,2890,2900,2900,2895,2700,2675,2695,2800,2795,2995,2995,2945,2795,2795,2795,2815,2800,2822.5,2847.5,2872.5,2995,2995,2995,2895,3000,3000,2995,3000,2995,3000,2995,2995,2995,2972.5,2995,2995,2995,2995,2950
"Sunrise Manor","Las Vegas","NV","Las Vegas","Clark",7,,,,,,,,,,,,950,950,950,900,950,970,950,925,912.5,900,900,900,900,900,900,950,950,900,900,945,950,925,900,900,900,900,925,950,950,945,949,950,950,950,950,950,950,950,950,950,995,995,975,995,995,995,999,995,995,1000,1000,1000,997,995,1025,1050,1000,1025
"Spring Valley","Las Vegas","NV","Las Vegas","Clark",8,,,,,,1172.5,1250,1295,1250,1295,1242.5,1295,1300,1295,1250,1300,1295,1300,1295,1250,1275,1275,1250,1200,1200,1200,1250,1245,1250,1200,1200,1200,1200,1200,1199,1200,1199,1199,1200,1200,1195,1199.5,1226.5,1250,1250,1250,1250,1250,1250,1250,1250,1250,1250,1289,1298,1295,1295,1297.5,1300,1327.5,1350,1325,1350,1350,1350,1350,1395,1350,1350
"Paradise Valley","Phoenix","AZ","Phoenix","Maricopa",9,,1600,1662.5,1550,1722.5,1650,1587.5,1550,1472.5,1450,1472.5,1499.5,1450,1450,1395,1395,1400,1400,1350,1350,1295,1395,1395,1395,1395,1395,1350,1400,1400,1350,1337.5,1295,1295,1295,1295,1350,1300,1295,1350,1395,1375,1400,1350,1425,1450,1400,1450,1450,1400,1425,1450,1500,1500,1497.5,1500,1495,1500,1500,1600,1695,1700,1695,1600,1595,1595,1550,1500,1545,1550
"Deer Valley","Phoenix","AZ","Phoenix","Maricopa",10,,,1190,1137.5,1172.5,1175,1149.5,1050,1074,1150,1185,1275,1200,1200,1195,1195,1195,1199,1195,1150,1100,1100,1150,1150,1150,1175,1195,1195,1162.5,1150,1195,1195,1200,1197,1195,1199,1200,1200,1195,1195,1195,1195,1150,1175,1150,1175,1195,1195,1195,1179,1195,1200,1250,1247.5,1250,1225,1225,1200,1200,1200,1250,1250,1250,1250,1250,1250,1290,1295,1295
"Washington Heights","New York","NY","New York","New York",11,,,,,,,,,,,,,,,,,,,,,,1500,1500,1525,1550,1550,1600,1662.5,1595,1600,1575,1595,1595,1575,1550,1600,1595,1600,1650,1600,1700,1700,1675,1675,1675,1650,1700,1685,1685,1700,1700,1700,1675,1700,1700,1700,1700,1687.5,1675,1687.5,1700,1700,1700,1700,1700,1700,1700,1700,1700
"Astoria","New York","NY","New York","Queens",12,,,,,,,,,,,,,,,,,,,,,,1650,1772.5,1850,1800,1800,1800,1799,1800,1950,1987.5,2150,2200,2200,2200,2200,2200,2200,2200,2300,2450,2300,2300,2300,2400,2550,2400,2300,2300,2300,2200,2100,2250,2189.5,2210,2190,2200,2395,2400,2500,2500,2500,2400,2600,2600,2600,2500,2400,2400
"North Mountain","Phoenix","AZ","Phoenix","Maricopa",13,,,,,,,,,,,,900,950,999,1020,995,975,975,995,990,950,950,950,950,950,995,995,1000,1000,1000,1000,995,990,975,990,995,995,995,995,997,1012.5,1025,995,1025,1000,995,995,1000,1000,1000,1000,1075,1100,1095,1100,1095,1095,1095,1087,1095,1095,1095,1095,1117.5,1150,1100,1095,1100,1125
"Far North","Dallas","TX","Dallas-Fort Worth","Dallas",14,,,,,,,,,,,,,,,,,,,,,,,,,,,,,,,,,,,,,,,,1650,1895,1892.5,1800,1750,1750,1800,1895,1795,1800,1895,1850,1977.5,2100,2000,2100,1995,1997.5,2097.5,1995,1995,2150,2025,2197.5,2100,1995,1900,1950,1900,1995
"Williamsburg","New York","NY","New York","Kings",15,,,,,,,,,,,,,,,,,,,,,,3465,3343,2900,2600,2600,2750,2800,2700,2750,2800,3240,3200,3046,3100,3205,3099,2950,2900,3200,3250,3300,3500,3500,3500,3147.5,2950,2800,3000,3000,3000,3000,3200,3575,3500,3350,3300,3300,3450,3375,3337.5,3400,3415.5,3250,3400,3312.5,3300,3300,3279.5
"Bedford Stuyvesant","New York","NY","New York","Kings",16,,,,,,,,,,,,,,,,,,1597.5,1500,1650,1550,1500,1500,1500,1500,1530,1600,1650,1650,1675,1700,1746,1700,1700,1700,1750,1795,1800,1800,1975,1999.5,2000,2100,2200,2200,2100,2100,2050,2000,2000,2050,2150,2100,2250,2350,2300,2450,2500,2400,2350,2250,2350,2450,2500,2400,2412.5,2400,2400,2395
"East Side","El Paso","TX","El Paso","El Paso",17,,,,,,,,,,,,,,1025,1100,1150,1062.5,1100,1045,1097.5,1097.5,1082.5,1000,1075,1050,1100,1195,1100,1100,1100,1100,1095,1050,1000,995,995,995,1000,1000,1000,1000,1000,1050,1000,1000,995,1000,995,995,995,997.5,1050,1050,1000,1000,1000,1000,1025,1037.5,1025,1000,1042.5,1077.5,1075,1095,1100,1097.5,1075,1050
"Alhambra","Phoenix","AZ","Phoenix","Maricopa",18,,,,,,,,895,872.5,850,945,950,900,850,875,895,850,850,850,850,850,895,835,850,850,899,885,895,899,875,897,925,950,900,900,900,900,900,900,895,895,895,875,900,900,895,895,895,895,900,900,925,950,992.5,950,975,950,950,950,937.5,992.5,995,975,1000,995,950,950,995,1000
"Crown Heights","New York","NY","New York","Kings",19,,,,,,,,,,,,,,,,,,,,,,,,,,,,,,,,,,,,,,,,,,,,,,,,,,,,,,,,,,2400,2375,2450,2400,2400,2472.5,2300,2374.5,2499,2400,2499,2499.5
"Southeast Dallas","Dallas","TX","Dallas-Fort Worth","Dallas",20,,,,,,,,,,,,,997.5,1050,950,950,950,950,850,875,995,995,975,995,950,950,900,950,995,995,998,1000,995,973,995,996.5,1000,1025,1025,1025,995,995,950,975,950,950,950,995,1000,1050,1050,1050,1050,995,1000,1049.5,1050,1050,1050,1025,1000,995,1000,1000,1000,1000,1000,1000,1000
"Harlem","New York","NY","New York","New York",21,,,,,,,,,,,,,,,,,,,,1650,1650,1795,1795,1800,1895,1775,1750,1737.5,1750,1775,1850,1800,1800,1800,1795,1750,1692.5,1739.5,1700,1850,1841.5,1775,1800,1900,1800,1862.5,1837.5,1925,1949,1900,1900,1950,1897.5,1925,1912.5,1928,2150,1999,1999,1926.5,1999.5,2050,2065,2100,2200,2065,2000,2000,2347.5
"Williamsbridge","New York","NY","New York","Bronx",22,,,,,,,,,,,,,,,,,,,,,,,,,,,,,,,,,,,,,,,,,,,,,,1147.5,1100,1225,1267.5,1297.5,1300,1175,1250,1195,1272.5,1295,1295,1225,1295,1297.5,1272.5,1300,1272.5,1150,1200,1250,1225,1250,1225
"East Harlem","New York","NY","New York","New York",23,,,,,,,,,,,,,,,,,,,,,,,,,,,,,,,,,,2725,2600,2750,2550,2550,2595,2825,2825,2700,2897.5,2900,2985,2650,2725,2872.5,2825,2750,2697.5,2825,2700,2800,2695,2697.5,2700,2895,2525,2700,2795,2800,2850,2872.5,2800,2800,2900,2800,2800
"Bushwick","New York","NY","New York","Kings",24,,,,,,,,,,,,,,,,,,,,,,,,,,,,,,,,,,,,,,,,,2300,2450,2495,2495,2300,2350,2400,2400,2400,2375,2400,2399.5,2500,2500,2525,2500,2550,2550,2500,2500,2475,2400,2500,2500,2500,2600,2600,2550,2500
"North Scottsdale","Scottsdale","AZ","Phoenix","Maricopa",25,2999,2995,2950,2795,3000,3000,2850,2800,2995,3000,3050,2997.5,2872.5,2800,2800,2800,2750,2800,2750,2695,2750,2500,2500,2500,2500,2600,2525,2600,2650,2600,2600,2575,2495,2295,2495,2500,2495,2495,2500,2500,2495,2350,2395,2400,2495,2500,2500,2450,2497.5,2450,2425,2600,2500,2585,2550,2650,2700,2700,2700,2700,2700,2700,2700,2700,2799.5,2900,2700,2700,2900
"Enterprise","Las Vegas","NV","Las Vegas","Clark",26,,1297.5,1195,1197.5,1100,1179.5,1200,1250,1200,1200,1195,1250,1250,1250,1290,1275,1250,1250,1250,1250,1250,1250,1250,1250,1200,1200,1225,1200,1250,1250,1235,1200,1200,1200,1200,1200,1200,1250,1249.5,1249.5,1250,1250,1250,1250,1249,1247.5,1225,1200,1200,1225,1225,1295,1295,1295,1295,1295,1295,1250,1250,1295,1295,1295,1300,1295,1300,1325,1350,1315,1325
"South Mountain","Phoenix","AZ","Phoenix","Maricopa",27,,,,,,,,1100,1100,987.5,995,995,1095,1050,995,1000,1050,995,995,992.5,995,995,950,995,995,1012.5,1050,1000,995,1012.5,1000,1000,1000,1000,1000,1000,1050,1045,1000,1000,1000,995,950,1025,1025,1045,1045,1025,1000,1000,1025,1025,1000,1037.5,1050,1075,1050,1075,1095,1095,1100,1150,1100,1100,1095,1100,1083.5,1060,1065
"East Memphis-Colonial-Yorkshire","Memphis","TN","Memphis","Shelby",28,,,,,,,,,,,,,825,795,795,812.5,850,850,995,950,975,850,862.5,875,850,875,895,875,875,892.5,795,850,840,795,795,765,795,800,800,850,857.5,857.5,850,850,850,825,850,825,795,795,795,830,850,800,812.5,800,800,825,800,825,795,825,812.5,812.5,795,795,797.5,795,795
"South Side","Corpus Christi","TX","Corpus Christi","Nueces",29,,,,,,,,,,,,,,,,,,,,,,,,,,,,,,,,,,,1395,1400,1350,1550,1500,1550,1650,1600,1600,1600,1650,1675,1750,1750,1650,1650,1600,1600,1650,1650,1625,1650,1750,1700,1662.5,1700,1685,1650,1700,1750,1700,1697.5,1700,1625,1600
"Bullard","Fresno","CA","Fresno","Fresno",30,,,,,,,,,,,,,,,,,,,,,,,,1195,1182.5,1200,1250,1195,1195,1195,1200,1212.5,1200,1200,1200,1200,1150,1195,1200,1250,1250,1250,1250,1295,1250,1200,1195,1195,1200,1200,1245,1272.5,1250,1295,1295,1285,1250,1295,1295,1337.5,1350,1325,1350,1295,1262.5,1300,1350,1300,1300
"Northeast","El Paso","TX","El Paso","El Paso",31,,,,,,,,,,,,,,,1000,990,1025,1050,975,1010,975,975,995,985,1025,1050,975,998,1100,1000,950,950,975,975,950,925,925,950,950,980,995,950,950,975,950,950,950,950,950,950,950,995,995,995,950,950,950,950,950,950,950,977.5,980,995,995,995,995,995,975
"Southwest Dallas","Dallas","TX","Dallas-Fort Worth","Dallas",32,,,,,,,,,,,,,,,,,,1197.5,1100,1100,1050,1050,1100,1150,1150,1150,1100,1100,1195,1150,1150,1095,1100,1112.5,1175,1150,1175,1195,1200,1195,1200,1215,1240,1200,1195,1195,1200,1195,1200,1200,1195,1225,1225,1200,1195,1200,1262.5,1200,1200,1250,1290,1275,1250,1262.5,1262.5,1275,1250,1295,1295
"West San Jose","San Jose","CA","San Jose","Santa Clara",33,,,,,,,,,,,,,,,,,,,,,,,,,,,,,,,,,,,,,,,,,,,,,,,,,,,,,,2995,3200,3495,3498,3247.5,3245,3495,3495,3400,3497.5,3825,3750,3725,3500,3500,3600
"White Haven-Coro Lake","Memphis","TN","Memphis","Shelby",34,,,,,,,,,,,,,,,,,,,,,,,,,,,,,,,,,,850,795,750,750,750,750,750,775,775,785,810,795,800,825,795,795,795,795,795,803,825,800,795,795,795,775,775,750,795,795,795,795,795,750,795,795
"East","Arlington","TX","Dallas-Fort Worth","Tarrant",35,,,,,,,,,,,,,,,,,,925,900,900,895,850,895,910,950,895,935,950,962.5,972.5,975,1000,980,995,950,925,912.5,895,925,950,1000,1045,995,975,999,1045,1050,1050,1095,1075,1075,1100,1100,1140,1100,1080,1075,1125,1125,1095,1112.5,1095,1150,1127,1142.5,1125,1110,1125,1150
"Lower East Side","New York","NY","New York","New York",36,,,,,,,,,,,,,,,,,,,,,,,,,,,,,,,,,,,,,,,,,,,3995,3995,3722.5,3550,3160,3550,3995,3995,3995,3995,3897.5,3995,3995,3995,3995,3550,3550,3550,3995,3995,3995,3995,3995,3995,3995,3995,3995
"Northwest","El Paso","TX","El Paso","El Paso",37,,,,,,,,,,,,,,1600,1600,1600,1500,1450,1412.5,1400,1450,1395,1500,1500,1425,1500,1495,1400,1400,1400,1487.5,1450,1475,1450,1450,1495,1450,1450,1450,1450,1425,1400,1395,1300,1300,1350,1350,1300,1300,1300,1300,1400,1400,1400,1375,1375,1350,1322.5,1350,1350,1350,1350,1400,1400,1400,1400,1400,1365,1350
"Southeast","Arlington","TX","Dallas-Fort Worth","Tarrant",38,,,,,,,,,,,,,1372.5,1395,1350,1350,1350,1295,1295,1250,1295,1295,1250,1250,1295,1325,1297.5,1250,1295,1295,1295,1285,1280,1295,1297.5,1295,1300,1325,1350,1350,1350,1350,1350,1350,1350,1350,1350,1325,1300,1300,1325,1397.5,1395,1350,1350,1350,1350,1350,1350,1350,1395,1395,1445,1445,1395,1475,1450,1450,1422
"Preston Hollow","Dallas","TX","Dallas-Fort Worth","Dallas",39,,,,,,,,,,,,,,,,,,,,,,,,,,,,1372.5,1500,1500,1500,1447.5,1412.5,1495,1465,1500,1465,1300,1447.5,1495,1650,1650,1600,1650,1775,1600,1650,1672.5,1672.5,1672.5,1650,1650,1822.5,1850,1922.5,1825,1800,1947.5,1600,1780,1825,1985,2000,1972.5,1925,1872.5,1985,1962.5,1900
"South Scottsdale","Scottsdale","AZ","Phoenix","Maricopa",40,,,,,,,,,,,,,1750,1682.5,1800,1535,1700,1595,1500,1595,1597.5,1595,1575,1500,1500,1572.5,1550,1500,1585,1550,1550,1500,1450,1300,1337.5,1400,1495,1350,1477.5,1500,1550,1500,1482.5,1500,1500,1500,1550,1550,1595,1575,1550,1572.5,1575,1649,1605,1649,1650,1662.5,1650,1725,1772.5,1795,1750,1749.5,1799,1749.5,1725,1712.5,1695
"Ahwatukee Foothills","Phoenix","AZ","Phoenix","Maricopa",41,,,,1495,1425,1497.5,1437.5,1495,1695,1495,1650,1550,1545,1395,1395,1395,1450,1390,1392.5,1337.5,1350,1395,1425,1400,1397,1462.5,1450,1495,1452.5,1495,1495,1450,1350,1300,1391.5,1400,1450,1395,1450,1495,1499,1450,1425,1425,1492.5,1450,1450,1450,1450,1450,1450,1495,1495,1550,1595,1497,1495,1499,1500,1512.5,1545,1535,1550,1495,1550,1545,1549,1550,1500
"West","Arlington","TX","Dallas-Fort Worth","Tarrant",42,,,,,,,,,,,,,,,,,,,,,,,,,1200,1195,1150,1095,1100,1150,1195,1150,1150,1150,1175,1135,1195,1150,1150,1195,1250,1200,1270,1300,1195,1200,1200,1195,1250,1225,1250,1325,1350,1350,1295,1250,1250,1250,1350,1350,1350,1350,1350,1300,1350,1372.5,1395,1350,1320
"North Raleigh","Raleigh","NC","Raleigh","Wake",43,,,,1445,1495,1395,1395,1350,1445,1345,1395,1199,1372.5,1225,1250,1295,1295,1200,1250,1285,1225,1250,1250,1295,1250,1250,1425,1400,1495,1385,1295,1250,1295,1275,1250,1250,1100,1200,1250,1300,1350,1300,1295,1295,1295,1295,1250,1250,1250,1250,1250,1337.5,1350,1350,1395,1350,1350,1295,1295,1397.5,1400,1400,1395,1400,1450,1450,1400,1450,1395
"Sharpstown","Houston","TX","Houston","Harris",44,,,,,,,,,,,,,,,,,,,,,,,,,,,,,,,,,,700,753,753,785,719,722,732.5,722,704.5,697.5,704.5,704.5,704.5,695,695,695,695,775,756.5,756.5,800,837.5,825,909,869,825,770,775,800,800,814,909,825,800,770,819.5
"Northridge","Los Angeles","CA","Los Angeles-Long Beach-Anaheim, CA","Los Angeles",45,,,,,,,,,,,,,,,,,2685,2695,2685,2750,2675,2547.5,2495,2550,2800,2600,2672.5,2647.5,2537.5,2495,2500,2497.5,2500,2295,2300,2375,2295,2300,2325,2497,2550,2650,2500,2560,2537.5,2550,2697.5,2500,2567.5,2600,2600,2650,2625,2499.5,2600,2600,2800,2700,2800,2690,2550,2600,2600,2700,2550,2500,2500,2650,2675
"San Pedro","Los Angeles","CA","Los Angeles-Long Beach-Anaheim, CA","Los Angeles",46,,,,,,,,,,,,,,,,,,,,,,,,,,,,,,,,,,,,,,,,,,,,,,,,,,,,,,,,,2400,2200,2100,2225,2195,2050,2212.5,2100,2122.5,2145,2275,2147.5,2150
"Forest Hills","New York","NY","New York","Queens",47,,,,,,,,,,,,,,,,,,,,,,,,,,,,,,,,,,,,,,,,,,,,,2500,2395,2400,2495,2395,2395,2395,2395,2395,2500,2500,2700,2795,2900,2900,2697.5,2500,2500,2550,2600,2700,2697.5,2595,2695,2450
"East Village","New York","NY","New York","New York",48,,,,,,,,,,,,,,,,,3047.5,2925,3100,3000,3000,3272.5,3375,3387.5,3142,3100,3172.5,3390,3472.5,3300,3450,3405,3355,3395,3367.5,3220,3200,3200,3200,3400,3415,3395,3300,3300,3500,3600,3697.5,3500,3500,3312.5,3287.5,3275,3300,3600,3597.5,3695,3695,3312.5,3647.5,3995,3895,3895,3922.5,3700,3747.5,3700,3747.5,3795,3700
"Mira Mesa","San Diego","CA","San Diego","San Diego",49,,,,,,,,,,,,,,,,,,1895,1950,2095,2095,2097.5,1972.5,1825,1875,2000,1950,1972.5,2000,1985,1997.5,2100,1995,2100,2000,2000,2100,2000,1987.5,2195,2075,2150,2295,2162.5,2095,2100,2150,2150,2200,2200,2200,2200,2100,2100,2097.5,2200,2200,2295,2295,2262.5,2295,2275,2237.5,2225,2350,2375,2325,2224,2325
"Cordova-Appling","Memphis","TN","Memphis","Shelby",50,,,,,,,,,,,,,,,,,,1305,1305,1235,1185,1222.5,1197.5,1245,1200,1125,1150,1250,1337.5,1250,1250,1150,1150,1195,1195,1195,1112.5,1150,1160,1137.5,1197.5,1200,1100,1100,1195,1172.5,1175,1195,1195,1195,1195,1225,1237.5,1225,1200,1245,1245,1245,1250,1247.5,1250,1250,1275,1250,1250,1245,1225,1200,1245
"Hickory Ridge-South Riverdale","Memphis","TN","Memphis","Shelby",51,,,,,,,,,,,,,,,,,,,,,,,,,,962.5,950,975,950,895,895,850,895,925,900,895,937.5,950,950,950,950,950,925,925,900,950,970,975,995,975,975,950,965,950,950,950,950,950,975,975,975,950,950,950,950,950,975,975,975
"Reseda","Los Angeles","CA","Los Angeles-Long Beach-Anaheim, CA","Los Angeles",52,,,,,,,,,,,,,,,,,,,,,,,,1992.5,1980,1862.5,1975,2000,2125,2125,2100,2100,2000,1950,1900,2150,2250,2250,2250,2250,2200,2300,2300,2225,2225,2200,2325,2297.5,2272.5,2250,2250,2300,2295,2400,2200,2300,2495,2500,2425,2495,2387.5,2395,2440,2495,2500,2500,2550,2435,2495
"Central Southwest","Houston","TX","Houston","Harris",53,,,,,,,,,,,,,,,,,,,,,,,,,,,,,,,,,,,,,,,,,1200,1150,1125,1175,1100,1100,1050,1100,995,1000,1137.5,1300,1237.5,1195,1195,1195,1195,1250,1312.5,1295,1300,1350,1250,1362.5,1350,1395,1450,1495,1450
"Midtown","Memphis","TN","Memphis","Shelby",54,,,,,,,,,,,,,,,,,,,,,,,,,,,,,,,,,,,,,,,,,,,,,,850,825,765,735,725,725,737.5,725,712.5,712.5,725,750,700,700,700,695,800,700,800,750,725,724.5,750,762.5
"Princess Anne","Virginia Beach","VA","Virginia Beach","Virginia Beach City",55,,,,,,,,,,,,1695,1725,1750,1700,1725,1725,1775,1750,1695,1695,1695,1695,1750,1750,1700,1750,1750,1700,1745,1750,1700,1700,1697.5,1695,1697.5,1650,1650,1695,1712.5,1725,1700,1695,1690,1650,1692.5,1700,1692.5,1750,1700,1725,1795,1795,1795,1795,1690,1695,1695,1695,1695,1675,1700,1795,1850,1812.5,1750,1750,1795,1750
"Southeast Colorado Springs","Colorado Springs","CO","Colorado Springs","El Paso",56,,,,,,,,,,,,,962.5,1050,1050,1050,1000,997.5,950,950,950,975,995,995,999,999,995,997.5,1050,1050,1000,995,995,1025,1050,1050,1025,1050,995,1062.5,1095,1095,1050,1050,1050,1050,1000,1050,1050,1085,1050,1050,1095,1095,1097.5,1095,1095,1100,1095,1100,1095,1095,1055,1060,1100,1150,1150,1122.5,1150
"Northwest Raleigh","Raleigh","NC","Raleigh","Wake",57,,,,1197.5,1322.5,1200,1175,1195,1272.5,1395,1397.5,1245,1250,1250,1295,1295,1295,1295,1300,1300,1300,1300,1300,1300,1375,1295,1295,1425,1395,1395,1300,1262.5,1250,1250,1237.5,1200,1100,1192.5,1300,1295,1300,1395,1425,1395,1395,1392.5,1397,1400,1350,1350,1350,1300,1395,1350,1300,1350,1400,1400,1397.5,1490,1450,1412.5,1495,1495,1495,1495,1495,1495,1450
"Kingwood Area","Houston","TX","Houston","Harris",58,,,,,,,,,,,,,,,,,,,,,,1450,1400,1400,1400,1350,1400,1400,1400,1400,1500,1400,1162.5,1095,1087.5,1150,1050,1093.5,1133,1299,1475,1450,1600,1500,1400,1450,1522.5,1525,1497.5,1500,1500,1597.5,1725,1725,1650,1650,1650,1650,1712.5,1700,1687.5,1665,1695,1700,1712.5,1750,1700,1697,1662.5
"Estrella","Phoenix","AZ","Phoenix","Maricopa",59,,,,,,,,,,945,900,950,950,950,975,975,975,950,950,975,950,950,925,925,950,950,950,975,975,975,950,950,950,950,950,950,950,950,950,950,950,975,950,950,950,950,950,950,950,950,950,980,975,975,975,975,995,990,975,995,995,995,995,1000,1025,1025,1025,1015,1000
"Clear Lake","Houston","TX","Houston","Harris",60,,,,,,,,,,,,,,,,,,,,,,,,,,,,,,,,,,,,,,,,,,,,,,,,,1500,1575,1600,1650,1650,1600,1599.5,1697.5,1650,1695,1599,1650,1650,1695,1670,1687,1700,1650,1677.5,1700,1695
"Greater Fondren Southwest","Houston","TX","Houston","Harris",61,,,,,,,,,,,,,,,,,,,,,,,,,,,,,,,,,,797.5,800,750,765,757,752.5,765,737,750,750,725,725,730,675,737,739,750,850,750,875,790,875,770,782.5,782.5,825,887,800,762,825,762,790,790,765,775,762
"East Colorado Springs","Colorado Springs","CO","Colorado Springs","El Paso",62,,,,,,,,,,,,,,,,1125,1075,1100,1075,1095,1100,1175,1100,1100,1090,995,995,1050,1097.5,1100,1100,1037.5,1100,1100,1125,1100,1097.5,1100,1150,1150,1197.5,1195,1195,1195,1175,1195,1195,1195,1195,1175,1195,1200,1195,1197.5,1195,1200,1200,1195,1210,1250,1200,1200,1295,1200,1200,1250,1225,1200,1200
"Northeast Colorado Springs","Colorado Springs","CO","Colorado Springs","El Paso",63,,,,,,,,,,,,,,,,1250,1250,1200,1200,1250,1200,1200,1200,1250,1237.5,1250,1262.5,1250,1275,1265,1250,1250,1237.5,1250,1250,1275,1250,1250,1250,1250,1275,1300,1295,1300,1295,1250,1250,1250,1250,1250,1250,1337.5,1325,1325,1300,1350,1325,1300,1300,1275,1297,1300,1300,1312.5,1350,1325,1350,1350,1350
"Woodward Park","Fresno","CA","Fresno","Fresno",64,,,,,,,,,,,,,,,,,,,,,,,,,,,,,1572.5,1500,1425,1425,1475,1400,1437.5,1472.5,1450,1462.5,1500,1495,1495,1495,1450,1500,1500,1495,1450,1495,1450,1400,1400,1450,1500,1495,1495,1500,1500,1495,1472.5,1475,1497.5,1500,1500,1500,1500,1575,1570,1565,1595
"Green Run","Virginia Beach","VA","Virginia Beach","Virginia Beach City",65,,,,,,,,,,,,1350,1295,1375,1375,1395,1450,1450,1450,1400,1400,1395,1450,1450,1450,1450,1495,1495,1450,1397.5,1425,1450,1395,1395,1400,1397.5,1372.5,1400,1400,1450,1450,1400,1400,1395,1400,1350,1395,1350,1350,1350,1395,1497.5,1412.5,1390,1400,1395,1397.5,1425,1450,1425,1397.5,1395,1412.5,1450,1462.5,1495,1450,1400,1400
"Central Colorado Springs","Colorado Springs","CO","Colorado Springs","El Paso",66,,,,,,,,,,,,,,,,,,,,,,,,,,,,,,,,,,,,,,,1095,1047.5,1095,1095,1025,1072.5,1100,1095,1010,997.5,1012.5,1000,997.5,1025,997.5,1100,1100,1150,1170,1175,1150,1150,1195,1150,1195,1150,1150,1150,1175,1195,1200
"Gramercy","New York","NY","New York","New York",67,,,,,,,,,,,,,2947,2757.5,2835,2892.5,3007.5,2900,2830,3022.5,3100,3295,3295,3290,3235,3057,3200,3250,3295,3327,3300,3329,3395,3422,3390,3325,3377.5,3387.5,3415,3517.5,3341,3344,3200,3227,3295,3350,3400,3348.5,3295,3295,3295,3350,3380,3400,3400,3353,3300,3311.5,3295,3347,3347,3400,3400,3450,3427.5,3425,3366.5,3335,3335
"Fresno High Roeding","Fresno","CA","Fresno","Fresno",68,,,,,,,,,,,,,,,,,,,,,,,,,,,,850,800,795,800,850,892.5,837.5,795,900,940,950,950,937.5,937.5,800,875,900,980,975,995,995,975,900,895,800,895,925,900,900,862.5,850,825,895,895,925,895,850,872.5,850,900,950,1035
"The Heights","Jersey City","NJ","New York","Hudson",69,,,,,,,,,,,,1400,1450,1450,1425,1387.5,1400,1450,1487.5,1450,1375,1262.5,1287.5,1350,1400,1450,1600,1500,1500,1625,1650,1650,1550,1550,1500,1500,1425,1450,1450,1450,1597.5,1425,1400,1395,1475,1400,1400,1600,1600,1600,1600,1600,1600,1500,1550,1500,1500,1597.5,1495,1650,1700,1662.5,1800,1675,1750,1950,1995,1900,1897.5
"Raleigh","Memphis","TN","Memphis","Shelby",70,,,,,,,,,,,,,,,,,,,,,,,,,,,,,850,800,800,750,850,750,850,822.5,837.5,800,795,795,795,825,825,825,800,847.5,825,850,825,825,850,850,850,850,822.5,812.5,812.5,835,850,825,800,810,805,825,825,825,797.5,795,795
"Encanto","Phoenix","AZ","Phoenix","Maricopa",71,,,,,,,,,,,,985,995,997.5,995,995,995,1050,1075,950,982.5,900,925,912.5,899.5,995,995,1090,975,925,950,977.5,975,897,887.5,850,885,960,1000,1000,1075,1100,1100,1100,1025,950,995,975,975,1000,1000,1100,1100,1075,1125,1095,1100,1195,1195,1100,1200,1212.5,1195,1200,1195,1179.5,1195,1150,1200
"Kempsville","Virginia Beach","VA","Virginia Beach","Virginia Beach City",72,,,,,,,,,,,,,,,,1500,1400,1500,1500,1500,1422.5,1472.5,1425,1300,1400,1480,1500,1500,1550,1500,1550,1525,1450,1500,1495,1500,1400,1399.5,1399,1497.5,1500,1500,1500,1500,1525,1395,1397.5,1395,1395,1395,1395,1550,1495,1500,1497.5,1595,1500,1550,1550,1495,1495,1450,1495,1500,1500,1500,1595,1595,1500
"Northeast Raleigh","Raleigh","NC","Raleigh","Wake",73,,,,,,,,1000,995,995,975,975,996.5,1095,1050,1050,1095,995,995,1050,1025,995,1050,1095,1050,1050,1050,1050,1000,1050,1080,1050,1095,1100,1095,1025,999,1025,1100,1195,1195,1195,1200,1200,1200,1175,1150,1100,1100,1100,1100,1150,1165,1165,1199,1225,1222.5,1195,1195,1207.5,1225,1250,1250,1217.5,1197.5,1200,1250,1250,1200
"Centennial Hills","Las Vegas","NV","Las Vegas","Clark",74,,,,,,,,,,,,1250,1250,1200,1212.5,1212.5,1250,1250,1200,1245,1199,1185,1195,1150,1195,1150,1150,1150,1195,1195,1190,1150,1145,1100,1100,1100,1100,1100,1100,1150,1150,1195,1200,1195,1185,1150,1150,1195,1190,1175,1170,1195,1195,1195,1200,1200,1200,1195,1195,1199,1200,1250,1250,1250,1250,1212.5,1246.5,1250,1250
"Lone Mountain","Las Vegas","NV","Las Vegas","Clark",75,,,,,,,,,,,,1150,1197.5,1200,1322.5,1195,1195,1195,1200,1195,1150,1150,1100,1150,1145,1118,1150,1150,1180,1175,1150,1100,1100,1099,1100,1100,1107.5,1150,1150,1175,1195,1195,1150,1150,1150,1195,1199,1195,1190,1175,1175,1200,1200,1200,1245,1250,1250,1200,1250,1200,1235,1250,1250,1250,1200,1250,1250,1250,1250
"Casas Adobes","Tucson","AZ","Tucson","Pima",76,,,,,,,,,,,,,,,1100,1100,1095,1075,1075,1097.5,1100,1125,1095,1100,1110,1150,1145,1195,1195,1195,1100,1150,1100,1137.5,1200,1200,1185,1150,1185,1200,1195,1185,1175,1100,1100,1100,1100,1150,1150,1100,1100,1150,1195,1200,1195,1150,1150,1100,1175,1150,1100,1100,1150,1125,1175,1150,1195,1150,1195
"Mclane","Fresno","CA","Fresno","Fresno",77,,,,,,,,,,,,,,,,,,,,,,,,,,,,1020,997.5,1000,1010,1050,1000,975,950,950,950,950,900,900,900,950,965,995,1010,925,1025,995,995,995,987.5,995,950,972.5,950,1025,1025,1037.5,1025,1062.5,1095,1025,1025,1075,1100,1085,1095,1015,1095
"Summerlin North","Las Vegas","NV","Las Vegas","Clark",78,,,,,,,,,,,,1385,1475,1595,1500,1495,1500,1495,1525,1450,1467.5,1425,1495,1400,1395,1400,1375,1450,1495,1450,1450,1400,1350,1395,1385,1387.5,1395,1400,1450,1450,1450,1425,1495,1447.5,1425,1425,1450,1450,1405,1400,1400,1595,1495,1450,1495,1540,1500,1535,1547.5,1550,1595,1595,1600,1547.5,1590,1600,1595,1545,1590
"Bayside","New York","NY","New York","Queens",79,,,,,,,,,,,,,,,,,,,,,,,,,,,,,,,,,,,,2372.5,2297.5,1900,1950,2100,2200,2300,2375,2350,2400,2400,2325,2200,2200,2197.5,2100,2100,2100,2200,2250,2500,2350,2175,2400,2400,2350,2300,2200,2200,2300,2500,2500,2500,2500
"Rancho Penasquitos","San Diego","CA","San Diego","San Diego",80,,,,,,,,,,,,,,,,,,,,,,,,,,,,,,,,,,,,,,,,,,,2750,2500,2525,2500,2475,2500,2395,2395,2447.5,2772.5,2875,2774,2685,2672.5,2595,2625,2625,2700,2921.5,2950,2849,2900,2995,2975,2795,2895,2900
"Woodlake - Briarmeadow","Houston","TX","Houston","Harris",81,,,,,,,,,,,,,,,,,,,,,,,,,,,,,,,,,,900,1000,875,899,898,1000,985,875,845,802.5,825,815,850,798.5,810,825,850,882.5,860,875,875,880,875,855,875,867.5,852.5,855,867.5,882.5,900,950,932,932,885,880
"Michael Way","Las Vegas","NV","Las Vegas","Clark",82,,,,,,,,,,,,,,,,995,1000,995,999,995,995,977.5,950,950,950,950,995,1007.5,999,975,950,950,950,950,975,995,989,995,1000,1000,995,995,1005,995,950,975,950,985,995,995,995,995,995,995,1000,1000,1097.5,1037.5,1000,1045,1075,1050,1050,1095,1095,1150,1095,1090,1100
"Chelsea","New York","NY","New York","New York",83,,,,,,,,,,,,,,,3097.5,3200,3190,3300,3375,3500,3500,3647.5,3605,3615,3500,3470,3421,3497.5,3499,3650,3595,3500,3495,3500,3400,3495,3550,3545,3550,3650,3637.5,3695,3597.5,3672.5,3650,3800,3625,3650,3710,3400,3400,3600,3800,3947.5,3750,3475,3600,3475,3475,3535,3475,3710,3532.5,3600,3725,3695,3537.5,3725,3625
"Lake View","Chicago","IL","Chicago","Cook",84,,,,,,,,,,,,,,,,,,,,,,,,,,,,,,,,,1872.5,1650,1850,1750,1600,1600,1650,1830,1925,1772.5,1995,1850,1697.5,1900,1800,1699,1697,1695,1697,1950,1900,1972.5,1900,1950,1925,1972.5,1950,1900,1800,1800,1900,1800,1995,1900,2050,2150,1995
"Woodland Hills","Los Angeles","CA","Los Angeles-Long Beach-Anaheim, CA","Los Angeles",85,,,,,,,,,,,,,,,,,,,,,,,,,,,,,,,,,,,,,,,,,,,,,,,,,,,3195,3397.5,3600,3600,3599.5,3450,3495,3347.5,3445,3490,3500,3599.5,3350,3500,3500,3495,3500,3500,3597
"Greater Uptown","Houston","TX","Houston","Harris",86,,,,,,,,,,,,,,,,,,,,,,,,,,,,,,,,,,1300,1479,1367,1390,1400,1495,1485,1336,1270,1277,1330,1322.5,1315,1305,1288.5,1305,1350,1585,1500,1515,1585,1700,1585,1590,1515,1502.5,1492,1500,1500,1495,1492.5,1515,1505,1510,1592.5,1505
"Southwest","Arlington","TX","Dallas-Fort Worth","Tarrant",87,,,,,,,,,,,,,,,,,,,,,,,,,,,,,1497.5,1400,1295,1295,1272.5,1300,1300,1300,1297.5,1297.5,1347.5,1395,1300,1350,1325,1347,1300,1295,1300,1297.5,1295,1275,1295,1395,1450,1375,1362.5,1397.5,1395,1395,1400,1385,1445,1497.5,1472.5,1550,1400,1459,1550,1454.5,1437.5
"Encino","Los Angeles","CA","Los Angeles-Long Beach-Anaheim, CA","Los Angeles",88,,,,,,,,,,,,,,,,,,,,,,,,,,,,,,,,,,,,,,,,,,,,,,,,,,,,,4500,4500,4597.5,5000,4550,5000,4750,4975,5000,4500,4750,5000,5000,4675,4600,4295,4272.5
"Newbury Park","Thousand Oaks","CA","Ventura","Ventura",89,,,,,,,,,,,,,,,,,,,,,,,,,,,,,,,,,,,,,2722.5,2795,2800,2700,2697.5,2990,2950,2897.5,2900,2950,2925,3175,3100,3100,2975,2800,2800,2895,2900,3300,3300,3200,3300,3200,3100,3197.5,3300,3300,3725,3675,3400,3500,3350
"Greenwich Village","New York","NY","New York","New York",90,,,,,,,,,,,,,,,,,,,,,,,,,3695,3750,3700,3900,3725,3600,3600,3600,3600,3695,3575,3650,3725,3597.5,3500,3775,3697.5,3400,3395,3385,3200,3400,3547.5,3495,3625,3500,3495,3700,4050,3600,3495,3395,3397.5,3400,3397.5,3490,4000,4000,3395,3340,3397.5,3200,3397.5,3600,3495
"Rancho Bernardo","San Diego","CA","San Diego","San Diego",91,,,,,,,,,,,,,,,,,,,,,,,,,,,,,,,,,,,,,,,,,,,,,,,,,,,,,,2600,2700,2495,2525,2600,2450,2450,2590,2500,2500,2500,2447.5,2600,2750,2500,2795
"Briargate","Colorado Springs","CO","Colorado Springs","El Paso",92,,,,,,,,,,,,,,,1595,1422.5,1500,1450,1450,1500,1495,1395,1382.5,1295,1350,1372.5,1410,1495,1395,1450,1400,1425,1447.5,1500,1595,1575,1560,1585,1500,1525,1450,1512.5,1450,1495,1495,1450,1495,1500,1495,1495,1500,1595,1647.5,1595,1695,1600,1512.5,1597.5,1500,1495,1500,1497.5,1700,1795,1725,1650,1637.5,1777.5,1695
"Salem","Virginia Beach","VA","Virginia Beach","Virginia Beach City",93,,,,,,,,,,,,1500,1500,1400,1450,1672.5,1610,1500,1495,1485,1500,1470,1350,1400,1450,1475,1450,1500,1550,1595,1500,1475,1475,1495,1500,1495,1400,1400,1450,1550,1595,1497.5,1550,1550,1595,1400,1572.5,1595,1595,1595,1595,1697.5,1695,1682.5,1695,1672.5,1675,1650,1675,1625,1550,1600,1650,1600,1600,1600,1600,1597.5,1600
"Carmel Valley","San Diego","CA","San Diego","San Diego",94,,,,,,,,,,,,,,,,,,,,,,,,,,,,,,,,,,,,,,,,,,,,,,,,,,,3687.5,4150,4100,4200,4200,3995,3850,3995,4250,3995,3981.5,3900,4150,4187.5,4150,3959,3981.5,3959,3995
"Parkway Village-Oakhaven","Memphis","TN","Memphis","Shelby",95,,,,,,,,,,,,,,,,,,,,,,,,,,,,,,,,,,,,,,,,,,,825,825,800,825,825,850,850,850,850,825,825,825,800,825,825,825,847.5,825,800,800,799,825,825,825,825,795,795
"Bay Area","Corpus Christi","TX","Corpus Christi","Nueces",96,,,,,,,,,,,,,,,,,,,,,,,,,,,,,,,,,,,,,,,,,,,,,1295,1200,1237.5,1395,1297.5,1400,1400,1399,1400,1450,1399,1400,1347,1400,1397.5,1400,1400,1475,1400,1400,1500,1325,1450,1300,1300
"Coral Way","Miami","FL","Miami-Fort Lauderdale","Miami-Dade",97,,,,,,,,,,,,,,,,,,,,,,2100,2000,2000,2095,2100,1937.5,2250,2200,2195,2000,2100,2200,2250,2200,2200,2200,2300,2475,2500,2400,2400,2400,2400,2300,2350,2350,2380,2380,2380,2400,2450,2550,2600,2450,2500,2500,2362.5,2300,2400,2550,2500,2325,2500,2800,2600,2650,2700,2400
"Greater Heights","Houston","TX","Houston","Harris",98,,,,,,,,,,,,,1600,1600,1650,1850,2000,1985,1897.5,1597.5,1600,1600,1600,1700,1700,1800,1800,1800,1897.5,2000,2000,1900,1845,1850,1840,1900,1945,1945,1800,1877,1997.5,2100,2250,2200,2125,2200,2200,2100,2200,2300,2300,2500,2500,2425,2400,2325,2150,2100,2450,2400,2475,2547.5,2600,2500,2400,2270,2400,2400,2337.5
"Desert View","Phoenix","AZ","Phoenix","Maricopa",99,,,,,,,,,,2300,2162.5,1872.5,1800,1800,1900,1950,1962.5,1900,1900,1895,1895,1795,1795,1800,1795,1800,1750,1800,1792.5,1772.5,1850,1850,1750,1795,1800,1900,1862.5,1850,1825,1800,1800,1820,1850,1800,1800,1795,1840,1800,1800,1825,1800,1850,1800,1900,1895,1875,1895,1895,1850,1862.5,1950,1987.5,1995,1950,1950,1885,1950,1995,1995
"South End","Tacoma","WA","Seattle","Pierce",100,,,,,,,,,,,,,,,,,,,,,1100,1100,1137.5,1195,1162.5,1150,1125,1150,1100,1137.5,1150,1150,1150,1150,997.5,995,985,1090,1195,1225,1200,1197.5,1195,1195,1200,1200,1197.5,1195,1200,1195,1195,1195,1195,1195,1195,1195,1200,1200,1200,1195,1200,1250,1200,1239.5,1270.5,1250,1285,1295,1295
"Jamaica Plain","Boston","MA","Boston","Suffolk",101,,,,,,,,,,,,,,,,,,,,,,,,,,,,,,,,,,,,,,,,,,,,,,,,,,,,,,,,,,2900,2800,3000,3000,3000,2950,3100,3300,3200,3100,2550,2500
"River Oaks-Kirby-Balmoral","Memphis","TN","Memphis","Shelby",102,,,,,,,,,,,,,,,,,,,,,,,,,,,,,,,,,,,,,,,,,,,,,,1095,1195,1195,1095,1145,1110,1175,1185,1185,1137.5,1295,1295,1295,1237.5,1250,1275,1250,1195,1195,1250,1195,1272.5,1250,1250
"Valley High-North Laguna","Sacramento","CA","Sacramento","Sacramento",103,,,,,,,,,,,,,,,,,,1200,1212.5,1195,1195,1250,1250,1250,1250,1250,1295,1295,1295,1270,1275,1250,1249.5,1250,1249.5,1225,1250,1278,1295,1276.5,1250,1275,1250,1250,1295,1295,1295,1270,1262.5,1275,1275,1350,1325,1325,1325,1300,1300,1350,1300,1350,1350,1350,1310,1325,1395,1350,1350,1400,1395
"Brighton","Boston","MA","Boston","Suffolk",104,,,,,,,,,,,,,,,,,,,,,,,,2400,2400,2472.5,2400,2200,2300,2500,2200,2400,2098,2188,2039,2098.5,2190,2100,2100,2400,2700,2660,2750,2700,2775,2775,2800,2800,2800,2950,2950,3100,3200,3000,2850,2800,2800,2800,2850,3000,3025,2962.5,3100,3200,3050,3000,3000,2962.5,2800
"Gulfton","Houston","TX","Houston","Harris",105,,,,,,,,,,,,,,,,,,,,,,,,,,,,,,,,,,,,,,,,,,,,697.5,697.5,695,695,695,697.5,700,700,700,700,700,700,700,700,700,700,700,700,700,705,700,700,700,705,714,709.5
"Corona Valley","Eastvale","CA","Riverside","Riverside",106,,,,,,,,,,,,,2397.5,2450,2400,2400,2400,2400,2400,2350,2350,2350,2300,2400,2400,2400,2350,2350,2350,2362.5,2350,2380,2387.5,2400,2395,2350,2397.5,2325,2300,2350,2350,2350,2350,2360,2387.5,2327.5,2300,2350,2380,2350,2382.5,2380,2400,2400,2400,2400,2370,2362.5,2400,2400,2400,2450,2450,2475,2500,2500,2500,2450,2450
"Bayside","Virginia Beach","VA","Virginia Beach","Virginia Beach City",107,,,,,,,,,,,,,,,,,1450,1550,1525,1500,1500,1385,1395,1395,1450,1350,1495,1350,1497.5,1450,1450,1450,1395,1495,1495,1500,1450,1462.5,1450,1400,1495,1550,1445,1395,1395,1362.5,1495,1337.5,1375,1395,1395,1550,1472.5,1495,1425,1395,1350,1475,1475,1495,1485,1495,1450,1495,1500,1495,1495,1397.5,1450
"Green Valley North","Henderson","NV","Las Vegas","Clark",108,,,,,,,,,,,,,,,,,,,,,,,,1250,1250,1250,1285,1300,1300,1295,1295,1250,1250,1300,1300,1350,1325,1375,1350,1350,1350,1355,1385,1350,1400,1397.5,1400,1350,1345,1350,1340,1350,1400,1400,1400,1385,1380,1412.5,1400,1400,1395,1400,1400,1395,1390,1450,1495,1495,1400
"Anaheim Hills","Anaheim","CA","Los Angeles-Long Beach-Anaheim, CA","Orange",109,,,,,,,,,,,,,2500,2537.5,2850,2700,2850,2975,2797.5,2750,2750,2672.5,2900,2875,2700,2687.5,2650,2600,2790,2825,2795,2600,2872.5,2900,3000,2900,2895,2900,2975,3000,2975,3000,2800,2975,2999,3000,2999.5,2850,2895,2850,2925,3000,2999.5,3100,3150,3100,3100,2962.5,2987,2999.5,2962.5,2950,3000,2962.5,2975,3000,3350,3195,3000
"Powers","Colorado Springs","CO","Colorado Springs","El Paso",110,,,,,,,,,,,,,1250,1250,1300,1350,1295,1250,1262.5,1295,1250,1295,1250,1262.5,1200,1300,1300,1375,1325,1350,1350,1295,1295,1290,1282.5,1275,1250,1312.5,1395,1385,1340,1295,1300,1300,1350,1300,1300,1325,1300,1300,1325,1362.5,1425,1395,1350,1395,1385,1350,1350,1395,1395,1395,1395,1400,1400,1400,1412.5,1495,1445
"North Cheyenne","Las Vegas","NV","Las Vegas","Clark",111,,,,,,,,,,,,,,,,1100,1100,1185,1195,1195,1100,1050,1095,1100,1100,1095,1095,1100,1095,1095,1095,1100,1145,1097,1150,1150,1100,1145,1100,1100,1125,1175,1175,1150,1100,1095,1100,1100,1100,1100,1100,1145,1150,1150,1150,1150,1195,1195,1200,1195,1195,1190,1200,1200,1200,1200,1195,1200,1200
"Charleston Heights","Las Vegas","NV","Las Vegas","Clark",112,,,,,,,,,,,,,,,,,1025,1050,1000,995,995,997.5,962.5,992.5,975,950,1000,1000,1000,1000,995,980,950,995,950,937.5,925,975,995,1000,1050,1000,1000,995,950,950,950,995,999.5,1000,1025,1000,1049,1000,1025,1050,995,1000,1000,1075,1050,1100,1095,1045,1100,1050,1100,1052.5,1050
"Southwest Colorado Springs","Colorado Springs","CO","Colorado Springs","El Paso",113,,,,,,,,,,,,,,,,,1795,1695,1600,1550,1600,1500,1300,1225,1200,1350,1550,1495,1400,1350,1325,1312.5,1350,1300,1350,1350,1335,1300,1325,1325,1350,1350,1250,1350,1350,1395,1395,1337.5,1300,1300,1350,1495,1450,1500,1550,1400,1400,1447.5,1597.5,1495,1600,1700,1647.5,1697.5,1600,1595,1695,1472.5,1500
"South Loop","Chicago","IL","Chicago","Cook",114,,,,,,,,,,,,1900,1695,1900,1853.5,1888,1863,1918,1839,1826,1709,1689,1796,1785,1798.5,1843.5,1875,1960,1993,1983,1942.5,1895,1890.5,1875,1891,1878,1875,1897,1912.5,1935,1914,1937,1900,1900,1899,1892,1892,1911,1914,1950,1985,1919,1908,1919,1904,1919,1911,1924,1919,1899,1904,1911,1914,1904,1899.5,1904,1911,1908,1899.5
"Shelby Forest-Frayser","Memphis","TN","Memphis","Shelby",115,,,,,,,,,,,,,,,,,,,,,,,,,,,,,,650,650,625,637.5,650,650,650,655,675,695,695,675,675,675,675,650,650,650,650,675,675,675,675,675,695,675,675,675,675,675,650,650,650,650,650,650,650,650,650,650
"Fort Greene","New York","NY","New York","Kings",116,,,,,,,,,,,,,,,,,,,,,,,,,,,2200,2275,2675,2550,2400,2550,2722,2782,2895,2850,2750,2800,2798.5,3025,3030,3020,2961.5,2959,2895,2839.5,2720.5,3097,3290,3654,3687.5,3100,3025,2930,2811,2813.5,2745,2813.5,2805.5,3062,3119,3049.5,2988,2700,2500,2816,2500,2687,2745
"West","Fresno","CA","Fresno","Fresno",117,,,,,,,,,,,,,,,,,,,,,,,,,,,1010,1050,1100,1050,1100,1100,1095,1050,972.5,1050,1072.5,1095,1100,1050,1050,1192,1100,1100,1100,1095,1162.5,1150,1125,1095,1100,1050,1097.5,1100,1150,1212.5,1099.5,1072.5,1037.5,1000,1050,1095,1095,1095,1050,1050,1100,1195,1195
"Whitney","Las Vegas","NV","Las Vegas","Clark",118,,,,,,,,,,,,,1095,1072.5,1100,1095,1100,1100,1095,1050,1047.5,1000,995,1000,995,1000,1000,1000,1000,999.5,995,995,1000,997,995,997,1000,1050,1025,1000,1000,1025,1050,1035,999,1025,1049,1050,1050,1050,1050,1050,1050,1082.5,1050,1050,1050,1047.5,1050,1050,1050,1100,1100,1100,1100,1125,1125,1100,1100
"West Hills","Los Angeles","CA","Los Angeles-Long Beach-Anaheim, CA","Los Angeles",119,,,,,,,,,,,,,,,,2495,2450,2425,2595,2500,2497.5,2600,2500,2397.5,2400,2422.5,2472.5,2525,2650,2650,2500,2475,2472.5,2447.5,2495,2600,2600,2600,2650,2600,2597.5,2600,2600,2595,2565,2595,2650,2695,2650,2650,2700,2700,2795,2795,2700,2737.5,2695,2650,2700,2795,2772.5,2750,2650,2700,2795,2772.5,2795,2770,2795
"Laveen","Phoenix","AZ","Phoenix","Maricopa",120,,,,,,,,1100,1100,1147.5,1100,1062.5,1050,1075,1050,1075,1095,1075,1050,1050,1050,1049,1025,1000,1000,1000,1050,1095,1095,1062.5,1050,1075,1050,1050,1050,1050,1050,1050,1050,1050,1075,1050,1050,1050,1050,1075,1075,1062.5,1075,1075,1090,1095,1100,1100,1100,1145,1100,1100,1095,1095,1115,1150,1175,1150,1117.5,1155,1137.5,1125,1150
"Summerlin South","Las Vegas","NV","Las Vegas","Clark",121,,,,,,,,,,,,1550,1822.5,1975,1675,1800,1800,1695,1695,1695,1750,1600,1600,1600,1550,1600,1600,1600,1650,1595,1550,1595,1500,1500,1500,1595,1525,1575,1600,1600,1695,1650,1695,1695,1625,1650,1650,1695,1750,1700,1650,1600,1650,1700,1659.5,1695,1695,1747.5,1747.5,1725,1600,1700,1799,1850,1897.5,1850,1797.5,1800,1772.5
"West Raleigh","Raleigh","NC","Raleigh","Wake",122,,,,,,,,,,,,,,,,,,,,,,,,,,,,,,,,,,,,,,,,,,,,,,925,995,1000,1100,1095,1095,1050,1137.5,1095,1025,1050,995,1000,1095,1150,1072.5,1150,1095,1050,1112.5,1222.5,1150,1062.5,1000
"Berclair-Highland Heights","Memphis","TN","Memphis","Shelby",123,,,,,,,,,,,,,,,,,,,,,,,,,,,,,,,,,,,720,720,695,675,675,675,675,650,675,700,700,667.5,675,685,695,675,675,675,697.5,650,662.5,675,687.5,650,650,675,675,650,650,675,650,650,650,675,650
"Gateway - Green Valley Ranch","Denver","CO","Denver","Denver",124,,,,,,,,,,,,,,,,,,,,,,,,,,,,,,,,,,,,,,1450,1595,1425,1497,1650,1562.5,1600,1550,1550,1625,1550,1562.5,1595,1595,1549,1667.5,1650,1655,1650,1612.5,1650,1710,1700,1695,1697,1719,1795,1750,1672,1750,1750,1750
"Mears Corner","Virginia Beach","VA","Virginia Beach","Virginia Beach City",125,,,,,,,,,,,,,1475,1535,1650,1695,1600,1572.5,1622.5,1575,1572.5,1500,1495,1495,1485,1525,1595,1585,1600,1675,1625,1597.5,1572.5,1500,1595,1595,1500,1500,1600,1525,1595,1595,1575,1585,1585,1550,1550,1550,1550,1550,1595,1595,1550,1575,1575,1562.5,1550,1550,1550,1550,1550,1565,1550,1522.5,1500,1550,1572.5,1500,1475
"Southwest","Reno","NV","Reno","Washoe",126,,,,,,,,,,,,,,,,,,1495,1500,1400,1450,1525,1472.5,1395,1397.5,1450,1400,1437.5,1450,1425,1400,1397.5,1350,1300,1347.5,1262.5,1250,1299.5,1300,1497.5,1397.5,1197.5,1295,1392.5,1250,1250,1295,1400,1450,1485,1450,1475,1450,1685,1695,1650,1650,1585,1462.5,1650,1550,1500,1650,1650,1587.5,1562.5,1562.5,1595,1595
"Hollywood Hills","Los Angeles","CA","Los Angeles-Long Beach-Anaheim, CA","Los Angeles",127,,,,,,,,,,,,,,,,,,8000,7000,7000,7250,7250,7200,7900,7997.5,8000,7950,7950,7150,7150,7200,6937.5,7000,7950,7995,8000,8750,8000,8500,7974.5,7900,7900,8450,8500,8000,7700,8000,8000,8000,8000,8000,9252.5,8750,8999.5,9000,9800,8900,9500,9995,8999,9950,10500,11500,12000,10700,10250,10500,11000,10000
"Southeast Boise","Boise","ID","Boise City","Ada",128,,,,,,,,,,,,,,,,,,,,,,,,,,,,,,,,,,,,,,,,,,,,,,,,,,,,,,,,1095,1125,1050,1100,1150,1155,1100,1150,1195,1195,1125,1137.5,1100,1200
"South End","Boston","MA","Boston","Suffolk",129,,,,,,,,,,,,,,,,,,,,,,,,,,2500,2475,2800,2800,2650,2600,2700,2650,2650,2550,2700,2625,2600,2600,2535,2800,2875,2800,3000,3000,3200,3000,3225,3200,3200,3000,2875,3000,3200,3500,3150,3000,3000,3300,3425,3300,3025,2937.5,3300,3175,3200,3000,3100,3100
"Clinton","New York","NY","New York","New York",130,,,,,,,,,,,,,,,,,,,,,,,,,,3124,3200,3200,3200,3335,3300,3429,3592.5,3500,3490,3410,3222.5,3170,3350,3397.5,3425,3300,3487.5,3475,3487.5,3390,3300,3245,3300,3325,3350,3440,3487.5,3547.5,3335,3380,3547.5,3390,3350,3315,3370,3370,3380,3392.5,3390,3395,3397.5,3475,3500
"Neartown - Montrose","Houston","TX","Houston","Harris",131,,,,,,,,,,,,,,,,,,,,,,,,,,,,,,,,,,,,,,,,,,,,,,,,,,,,,,,2795,2500,2500,2500,2500,2597.5,2760,2500,2795,3000,2950,2850,2900,2872.5,2800
"Roxborough","Philadelphia","PA","Philadelphia","Philadelphia",132,,,,,,,,,,,,,,,,,,,,,,,,,,,,,,,,,,,,,,,,,,,,,,1500,1550,1575,1600,1750,1750,1775,1697.5,1650,1775,1685,1600,1550,1600,1575,1700,1775,1725,1797.5,1750,1675,1650,1575,1595
"The Lakes","Las Vegas","NV","Las Vegas","Clark",133,,,,,,,,,,,,,,,,1450,1425,1500,1500,1450,1500,1525,1600,1525,1498,1437.5,1400,1525,1400,1495,1495,1500,1400,1400,1397.5,1395,1395,1399.5,1400,1495,1399,1495,1499,1500,1499.5,1442.5,1495,1525,1500,1495,1500,1672.5,1700,1695,1522.5,1500,1450,1425,1425,1442,1585,1600,1575,1695,1700,1750,1750,1600,1525
"Financial District","New York","NY","New York","New York",134,,,,,,,,,,,,,,,,,3750,3580,3500,3310,3250,3500,3550,3500,3300,3250,3250,3250,3300,3250,3250,3395,3395,3430,3394,3271,3285,3300,3390,3500,3497.5,3530,3589,3583,3583,3566.5,3500,3515,3530,3515,3500,3500,3495,3500,3500,3500,3500,3500,3500,3500,3500,3500,3500,3500,3500,3500,3500,3500,3500
"Flatiron District","New York","NY","New York","New York",135,,,,,,,,,,,,,,,,,,,,,,,4200,3860,3597.5,3650,3500,3700,3797.5,3600,3600,3595,3625,3620,3598,3540,3527.5,3590,3565,3475,3667.5,3906,4120,4055,3960,3906,3802.5,3906,3906,3750,3600,3782.5,3906,3472.5,3906,3815,3915,3910.5,3910.5,3955,3957.5,3957.5,3906,3960,4005,4005,3915,3910.5,3782.5
"North Austin","Austin","TX","Austin","Travis",136,,,,,,,,,,,,,,,,,,,,,,,,,,,,,,,,,,,,,740,705,730,740,750,775.5,822,805,799.5,808.5,823.5,812,802.5,837.5,875,812,800,800,800,799.5,799.5,802.5,800,799.5,808.5,782.5,766,799,799.5,808.5,754,799.5,799
"Westchase","Houston","TX","Houston","Harris",137,,,,,,,,,,,,,,,,,,,,,,,,,,,,,,,,,,,,,,,,,,,,730,735,737.5,730,730,735,735,755,755,750,745,745,745,742.5,740,742.5,745,745,745,755,762.5,767,755,762.5,757.5,760
"Northwest Colorado Springs","Colorado Springs","CO","Colorado Springs","El Paso",138,,,,,,,,,,,,,,,,,,,,,,,,,,,,1350,1495,1475,1500,1450,1400,1547.5,1595,1595,1575,1595,1395,1395,1500,1600,1622.5,1575,1575,1500,1512.5,1500,1537.5,1537.5,1572.5,1595,1650,1725,1622.5,1650,1650,1695,1745,1695,1695,1595,1500,1650,1595,1595,1650,1650,1695
"Paradise Hills","Albuquerque","NM","Albuquerque","Bernalillo",139,,,,,,,,,,,,,,,,,,,,,,,,,,,1250,1250,1200,1200,1200,1200,1195,1185,1150,1200,1150,1210,1296,1300,1272.5,1200,1200,1200,1212.5,1200,1200,1197,1199,1195,1195,1225,1200,1195,1200,1250,1200,1195,1195,1200,1195,1250,1250,1200,1200,1250,1275,1295,1250
"Washington Avenue Coalition - Memorial Park","Houston","TX","Houston","Harris",140,,,,,,,,,,,,,,,,,,,,,,,,,,,,,,,,,,,,,,,,,,,,,,,,,,,,,,,2900,2800,2850,2800,2795,2800,2800,2800,2800,2900,2900,2972.5,2900,2850,2700
"Northwest","Reno","NV","Reno","Washoe",141,,,,,,,,,,,,,,,,1297.5,1300,1295,1275,1275,1275,1312.5,1325,1395,1300,1390,1250,1350,1375,1350,1300,1307.5,1375,1400,1350,1300,1297.5,1350,1350,1397.5,1497.5,1522.5,1325,1400,1500,1510,1550,1500,1450,1475,1450,1497.5,1525,1500,1550,1550,1500,1595,1550,1499.5,1500,1522.5,1475,1585,1650,1625,1600,1550,1562.5
"Las Tierras","El Paso","TX","El Paso","El Paso",142,,,,,,,,,,,,,,,,,,,,,,,,,,1287.5,1262.5,1197.5,1250,1250,1195,1175,1100,1150,1100,1100,1100,1100,1100,1100,1200,1200,1195,1200,1150,1135,1200,1100,1100,1100,1100,1197.5,1175,1200,1195,1175,1100,1095,1100,1125,1175,1175,1130,1150,1175,1195,1150,1100,1100
"Greenbrier East","Chesapeake","VA","Virginia Beach","Chesapeake City",143,,,,,,,,,,,,,,,,,,,,,,,,,,,,,,,,,,,,1600,1697.5,1750,1750,1795,1750,1750,1800,1750,1750,1700,1762.5,1795,1750,1750,1750,1797.5,1950,1925,1850,1800,1800,1795,1850,1850,1750,1900,1825,1797.5,1795,1685,1687.5,1695,1672.5
"West Village","New York","NY","New York","New York",144,,,,,,,,,,,,,,,,,,,,,,,,,,,,,,,,,,,,,,,,,,,,,,,,,,,,,,,,,,4000,3935,4000,3935,3935,3935,4150,4150,3867.5,3935,4095,4122.5
"South Norfolk","Chesapeake","VA","Virginia Beach","Chesapeake City",145,,,,,,,,,,,,,,,,,,,,,,,,,,,,1295,1200,1250,1295,1350,1370,1297.5,1225,1262.5,1250,1247.5,1297.5,1357.5,1350,1350,1300,1237.5,1200,1250,1197.5,1250,1250,1275,1285,1325,1300,1300,1350,1350,1350,1337.5,1325,1350,1357.5,1337.5,1357.5,1350,1300,1312.5,1300,1250,1325
"Pacific Palisades","Los Angeles","CA","Los Angeles-Long Beach-Anaheim, CA","Los Angeles",146,,,,,,,,,,,,,,,,,,,,,,,,,,,,,,,,,,,,,,,,,,,,,,,,9050,9500,8975,8900,9050,9000,8775,8900,9500,9747.5,9375,9500,9500,9500,9500,8950,9000,9500,9500,8775,8800,9000
"Green Valley South","Henderson","NV","Las Vegas","Clark",147,,,,,,,,,,,,,,,,,,,,,,,,1450,1400,1375,1350,1337.5,1350,1300,1299.5,1295,1300,1350,1395,1412.5,1350,1250,1250,1295,1272.5,1362.5,1362.5,1350,1297.5,1395,1450,1399.5,1362.5,1385,1350,1350,1300,1350,1395,1397.5,1400,1395,1400,1400,1450,1495,1500,1500,1495,1587.5,1575,1562.5,1400
"West Park","Irvine","CA","Los Angeles-Long Beach-Anaheim, CA","Orange",148,,,,,,,,,,,,,,,,,,,,,,,,,,,,,,,,,,,,2800,2800,2795,2800,2850,2875,2900,3000,2900,2900,2950,2950,3100,3000,2900,2950,2995,3100,3100,3200,3200,3100,3100,3300,3100,3200,3225,3225,3100,3000,3000,3300,3100,3000
"Anthem","Henderson","NV","Las Vegas","Clark",149,,,,,,,,,,,,1395,1400,1337.5,1350,1450,1485,1450,1454.5,1459,1397.5,1400,1500,1500,1495,1495,1500,1422.5,1450,1562.5,1562.5,1550,1572.5,1500,1495,1595,1595,1537.5,1512.5,1495,1495,1525,1492.5,1475,1550,1485,1400,1395,1450,1450,1450,1497.5,1599.5,1724.5,1600,1525,1600,1650,1700,1750,1737,1697.5,1800,1850,1772.5,1650,1700,1750,1795
"Northwood","Irvine","CA","Los Angeles-Long Beach-Anaheim, CA","Orange",150,,,,,,,,,,,,,,,,,,,,,,,,,2700,2975,2950,2800,2800,2700,2700,2595,2550,2500,2680,2900,2700,2795,2875,2950,2875,2850,2897.5,2800,2750,2750,2697.5,2750,2895,2895,2895,2850,2900,3075,3100,2925,3100,3200,3297.5,3147.5,3195,3050,3100,3200,3100,3100,3200,3200,3200
"Northampton","Hampton","VA","Virginia Beach","Hampton City",151,,,,,,,,,,,,,,,,,,,,,,,,,,,,,,,,,,,,1100,1200,1150,1200,1200,1250,1270,1270,1200,1200,1150,1100,1195,1195,1195,1195,1250,1300,1300,1300,1250,1200,1250,1200,1225,1200,1250,1300,1290,1237.5,1195,1185,1200,1200
"Back Bay","Boston","MA","Boston","Suffolk",152,,,,,,,,,,,,,,,,,,,,,,,,,,,,,,,,,,,,,,,,,,,,,,,,,,,,,,,3600,3700,3905,3950,3860,3975,3950,3775,3775,3375,3250,3700,3650,3775,3905
"Near North","Chicago","IL","Chicago","Cook",153,,,,,,,,,,,,,1680,1572.5,1595,1650,1680,1782.5,1720,1716,1708,1699,1699.5,1750,1752,1773.5,1793,1895.5,1829,1852.5,1842.5,1721,1680,1650,1750,1760,1833,1809,1895,1910,2045,1760,1752,1756,1750,1752,1748,1729,1725,1744,1744,1734,1734,1748,1752,1748,1748,1746,1744,1752,1748,1724,1695,1746,1724,1722,1720,1720,1722
"Columbus Circle","New York","NY","New York","New York",154,,,,,,,,,,,,,,,,,,,,,,,3650,3741,3238.5,3175,3138,3150,3100,3150,3200,3379,3600,3750,3600,3356,3450,3396,3400,3450,3470,3370,3302,3370,3379,3285,3285,3302,3374.5,3301,3278,3379,3336,3302,3302,3370,3379,3379,3379,3379,3375,3370,3336,3370,3370,3370,3370,3379,3379
"Sutton Place","New York","NY","New York","New York",155,,,,,,,,,,,,,,,,,,,,,,,,,,,,,,,,,,,,,,,,,,,,,,,,,,,,,,3525,3750,3510,3510,3472.5,3510,3495,3495,3510,3510,3510,3750,3750,3750,3500,3500
"Sheep Mountain","Las Vegas","NV","Las Vegas","Clark",156,,,,,,,,,,,,,,,,,,1322.5,1400,1422.5,1372.5,1410,1300,1250,1250,1250,1250,1285,1295,1395,1350,1250,1250,1325,1300,1322.5,1250,1250,1195,1250,1250,1412.5,1462.5,1375,1350,1250,1299.5,1300,1349.5,1300,1349,1395,1372.5,1350,1372.5,1300,1337.5,1350,1272.5,1300,1325,1325,1300,1412.5,1350,1450,1450,1450,1450
"Westgate","Henderson","NV","Las Vegas","Clark",157,,,,,,,,,,,,,,,,,,,,,,,,1550,1537.5,1550,1500,1500,1575,1500,1450,1450,1500,1485,1450,1495,1397.5,1400,1450,1395,1400,1400,1400,1450,1450,1545,1425,1495,1495,1495,1499,1495,1450,1495,1550,1450,1425,1525,1499.5,1537.5,1750,1695,1550,1697.5,1700,1550,1625,1650,1647.5
"Sandalwood","Jacksonville","FL","Jacksonville","Duval",158,,,,,,,,,,,,,,,,,,1300,1300,1250,1200,1095,1050,1200,1200,1250,1295,1137.5,1225,1287.5,1125,1300,1262.5,1225,1200,1224.5,1250,1300,1350,1350,1397.5,1400,1362.5,1300,1300,1350,1300,1295,1295,1300,1350,1462.5,1395,1350,1350,1395,1295,1337.5,1395,1395,1395,1385,1400,1395,1375,1400,1400,1400,1300
"Tule Springs","Las Vegas","NV","Las Vegas","Clark",159,,,,,,,,,,,,,,,,1470,1450,1385,1297.5,1295,1350,1250,1295,1250,1195,1250,1250,1250,1250,1295,1295,1300,1297.5,1272.5,1250,1250,1250,1250,1250,1200,1200,1300,1300,1320,1300,1300,1350,1295,1295,1295,1250,1295,1300,1350,1350,1347.5,1347.5,1350,1350,1300,1325,1350,1350,1299.5,1395,1395,1375,1400,1395
"Summerfields","Fort Worth","TX","Dallas-Fort Worth","Tarrant",160,,,,,,,,,,,,,,,,,,,,,,,,,,,,,,,,,,,,,,,,1187.5,1175,1162.5,1200,1175,1150,1197,1187.5,1150,1150,1175,1200,1250,1250,1200,1245,1250,1250,1250,1275,1250,1262.5,1250,1295,1300,1300,1357.5,1295,1297.5,1295
"East Tampa","Tampa","FL","Tampa","Hillsborough",161,,,,,,,,,,,,,,,,900,875,895,885,949,900,900,900,950,900,912.5,995,995,992.5,950,950,950,950,950,962.5,950,950,950,950,975,950,950,950,945,950,975,900,900,925,950,950,975,950,950,900,975,975,950,900,950,995,997,950,950,985,1000,1025,1000,985
"Streeterville","Chicago","IL","Chicago","Cook",162,,,,,,,,,,,,,,1720,1674,1687,1750,1848,1805,1845,1873,1940.5,1900,1940.5,1900,1947.5,2197.5,2175,1947.5,1904,1904,1852.5,1699.5,1750,1817,1923,1874,1855,1950,1985,2027,1985,1985,2038,1982.5,1985,1980,1961,1957,1957,1957,1982.5,1972.5,1972.5,1980,1980,1982.5,1985,1985,1972.5,1980,1980,1980,1965,1961,1961,1965,1985,1985
"South Reno","Reno","NV","Reno","Washoe",163,,,,,,,,,,,,,,,,,,,,,,,,,,,,1675,1590,1450,1500,1597.5,1572.5,1600,1550,1537.5,1500,1550,1485,1572.5,1625,1575,1550,1685,1622.5,1537.5,1500,1500,1500,1550,1550,1550,1572.5,1650,1599.5,1600,1600,1600,1672.5,1725,1750,1600,1650,1695,1695,1650,1650,1687.5,1650
"Warrendale","Detroit","MI","Detroit","Wayne",164,,,,,,,,,,,,,,,,,,,,,650,650,675,650,675,675,685,675,650,650,650,650,650,675,700,697.5,700,700,700,700,700,700,700,700,700,700,700,712.5,700,700,700,750,750,732.5,700,712.5,700,700,725,725,725,750,750,750,740,750,750,750,750
"Hollywood Hills","Hollywood","FL","Miami-Fort Lauderdale","Broward",165,,,,,,,,,,,,,,,,,,,,,,,,,,,,,,,,,,2000,2000,1990,1950,1950,1997.5,2100,2100,2050,2100,2100,2200,2270,2270,2220,2142.5,2150,2150,2100,2200,2100,2200,2100,2100,2197.5,2220,2200,2150,2200,2200,2200,2300,2227.5,2250,2200,2200
"Prosperity Church Road","Charlotte","NC","Charlotte","Mecklenburg",166,,,,,,,,,,,,,,,,,,,,,,,,,,,,,,,,,,,,,,,,1325,1250,1295,1300,1300,1300,1212.5,1200,1200,1200,1200,1225,1300,1300,1295,1295,1350,1275,1297.5,1275,1285,1297.5,1280,1289.5,1300,1350,1350,1375,1375,1350
"Turtle Bay","New York","NY","New York","New York",167,,,,,,,,,,,,,,,,,,,,,,,,,,3000,3000,2997.5,3097.5,3100,3000,3000,3100,3100,2800,2995,2900,3000,3100,3450,3397.5,3650,3297.5,3272.5,3100,2850,2897.5,2960,3400,3400,3395,3885,3885,3875,3862.5,3225,3225,3225,3225,3700,3375,3500,3885,3885,3850,3250,3200,3400,3850
"Midtown","New York","NY","New York","New York",168,,,,,,,,,,,,,,,,,,,,,3882.5,3750,3795,3849,3650,3597.5,3550,3300,3497.5,3500,3590,3600,3600,3642.5,3600,3625,3578,3600,3686,3595,3600,3597.5,3510,3557,3495,3490.5,3490.5,3495,3497.5,3544,3570,3544,3497.5,3495,3495,3495,3495,3519.5,3495,3519.5,3519.5,3544,3519.5,3519.5,3544,3544,3495,3495,3557
"Desert Shores","Las Vegas","NV","Las Vegas","Clark",169,,,,,,,,,,,,,,,,,,,1800,1495,1422.5,1372.5,1312.5,1295,1495,1497.5,1500,1400,1450,1475,1425,1425,1350,1300,1325,1300,1300,1395,1500,1500,1450,1450,1399,1350,1350,1395,1395,1350,1375,1390,1392.5,1450,1495,1525,1500,1525,1450,1400,1400,1600,1595,1595,1650,1750,1700,1600,1600,1695,1500
"Golden Glades - The Woods","Jacksonville","FL","Jacksonville","Duval",170,,,,,,,,,,,,,,,,,,,,,,,,,,,,,,,,,,,,1450,1500,1500,1500,1450,1500,1500,1550,1512.5,1525,1537.5,1512.5,1497.5,1450,1475,1485,1500,1500,1597.5,1550,1500,1485,1550,1512.5,1535,1500,1550,1550,1500,1450,1525,1500,1450,1500
"Vance Jackson","San Antonio","TX","San Antonio","Bexar",171,,,,,,,,,,,,,,,,,,,,,,,,,,,,,,,,,,,,799.5,799,799,817,812.5,799.5,819,822.5,825,825,819,817,819,817,825,855,819,815,812.5,819,812.5,820,819.5,819,805,817,825,822.5,820,819,799.5,800,805,805
"East Arlington","Jacksonville","FL","Jacksonville","Duval",172,,,,,,,,,,,,,,,,1300,1295,1295,1295,1250,1250,1195,1200,1200,1250,1297.5,1300,1300,1337.5,1350,1300,1300,1300,1300,1300,1275,1300,1300,1300,1350,1400,1400,1392.5,1450,1397.5,1495,1450,1450,1395,1397.5,1395,1450,1450,1485,1445,1445,1425,1425,1397.5,1395,1400,1395,1412.5,1450,1450,1462.5,1450,1420,1415
"Beach Haven","Jacksonville","FL","Jacksonville","Duval",173,,,,,,,,,,,,,,,,,,,,,,,,,,,,,,,,,,,,,,,,,,,,,,,,,1487.5,1487.5,1487.5,1462.5,1512.5,1425,1560,1550,1500,1500,1525,1497.5,1325,1525,1595,1600,1597.5,1595,1525,1560,1650
"Hollywood Lakes","Hollywood","FL","Miami-Fort Lauderdale","Broward",174,,,,,,,,,,,,,,1999,2150,2175,2200,2100,2100,2200,2200,2250,2225,2275,2100,2275,2190,2000,2000,2000,2000,2050,2250,2250,2200,2250,2250,2275,2200,2300,2400,2370,2350,2300,2350,2370,2400,2400,2400,2400,2400,2400,2425,2400,2400,2400,2400,2395,2500,2500,2595,2500,2397.5,2395,2390,2300,2500,2475,2600
"Kenmore","Boston","MA","Boston","Suffolk",175,,,,,,,,,,,,,,,,,,,,,,,,,,,,,,,,,,,,,,,,,3227,3216,3019,3038,3078,3038,2995,3000,3000,3000,3000,3019,3000,3000,3192,3078,3058,3000,3038,3019,2927,3078,3019,3038,3038,3058,3078,2987.5,2937
"Morningside","Detroit","MI","Detroit","Wayne",175,,,,,,,,,,,,,,,,,,,,,750,700,700,750,725,695,750,750,750,750,750,737.5,750,700,700,700,700,750,750,750,750,795,750,750,750,700,700,750,775,750,750,750,800,800,800,750,800,800,800,775,750,800,775,800,800,800,800,800,800
"Chimney Lakes","Jacksonville","FL","Jacksonville","Duval",177,,,,,,,,,,,,,,,,,1150,1112.5,1150,1197.5,1125,1100,1075,1095,1097.5,1100,1100,1100,1150,1100,1100,1145,1100,1100,1100,1085,1100,1100,1162.5,1175,1150,1146,1150,1150,1150,1100,1150,1175,1175,1195,1195,1175,1175,1150,1195,1195,1150,1150,1150,1137.5,1150,1150,1150,1175,1195,1190,1190,1199.5,1175
"Spuyten Duyvil","New York","NY","New York","Bronx",178,,,,,,,,,,,,,,,,,,,,,,,,,,,,,,,,,,2307.5,2175,2200,2150,2100,2162.5,1975,2175,2150,2250,2275,2225,2175,2150,2150,2150,2150,2175,2300,2175,2175,2200,2175,2200,2225,2272.5,2325,2325,2300,2175,2562.5,2587.5,2450,2350,2325,2450
"Gold Coast","Chicago","IL","Chicago","Cook",179,,,,,,,,,,,,,,,,,,,,,,,,,1715,1729,1600,1552,1599,1600,1762.5,1885.5,1657.5,1643,1636.5,1700,1694,1634,1646,1631,1645,1625,1625,1625,1625,1625,1625,1625,1625,1625,1626,1625,1625,1625,1625,1625,1625,1625,1625,1625,1625,1625,1625,1625,1625,1625,1625,1625,1625
"Belair-Edison","Baltimore","MD","Baltimore","Baltimore City",180,,,,,,,,,,,,,,,,,,,,,,,,,,,,,,,,,,,,,,,,,,,,,,,,1200,1250,1300,1300,1300,1350,1300,1250,1200,1250,1250,1300,1250,1250,1200,1250,1300,1297.5,1300,1250,1290,1250
"Green Valley Ranch","Henderson","NV","Las Vegas","Clark",181,,,,,,,,,,,,,,,,,,,,,,,,1495,1395,1425,1600,1600,1550,1497.5,1475,1600,1685,1695,1500,1500,1475,1500,1600,1612.5,1537.5,1775,1670,1600,1500,1500,1500,1562.5,1650,1600,1600,1597.5,1612.5,1595,1597,1650,1650,1625,1600,1600,1600,1695,1700,1700,1657.5,1695,1695,1695,1647.5
"Rita Ranch","Tucson","AZ","Tucson","Pima",182,,,,,,,,,,,,,,,,1095,1050,1095,1095,1099.5,1100,1095,1095,1095,1100,1100,1075,1095,1095,1095,1072.5,1050,1062.5,1062.5,1080,1100,1095,1085,1097.5,1095,1100,1100,1095,1095,1100,1095,1050,1050,1050,1062.5,1075,1100,1100,1095,1099.5,1100,1095,1065,1062.5,1050,1100,1100,1050,1050,1100,1100,1095,1095,1137.5
"Tudor City","New York","NY","New York","New York",183,,,,,,,,,,,,,,,,,,,,,,,,,,,,,,,,,,,,,,,,,,,,3809.5,3995,3687,3616,3500,3500,3500,3500,3809.5,3500,3616,3624,3616,3616,3624,3624,3624,3809.5,3809.5,3809.5,3809.5,3809.5,3809.5,3809.5,3809.5,3809.5
"Southeast Raleigh","Raleigh","NC","Raleigh","Wake",184,,,,,,,,,,,,,,,,,,,,,,,,,,,1000,1175,1050,1150,995,1050,1100,1100,1095,1095,1100,1100,1095,1125,1150,1150,1150,1150,1195,1195,1140,1100,1100,1100,1100,1195,1212.5,1175,1195,1195,1195,1175,1195,1195,1195,1225,1240,1225,1195,1237.5,1250,1225,1160
"Battery Park","New York","NY","New York","New York",185,,,,,,,,,,,,,,,,,,,,,,4150,4250,3995,3625,3512.5,3500,4000,4155,4675,4712.5,4995,4575,4525,4250,4500,4650,4850,4695,4437.5,4595,4595,4295,4225,4172.5,4172.5,4250,4250,4250,4197.5,4250,4250,4250,4250,4250,4250,4250,4250,4250,4250,4250,4250,4250,4250,4250,4250,4250,4250,4197.5
"Pioneer Park","Las Vegas","NV","Las Vegas","Clark",186,,,,,,,,,,,,,,,,,,1097.5,1099.5,1100,1050,1050,1045,1035,1050,1050,1050,1000,1000,1000,1000,1050,1025,1000,1037.5,1000,995,1000,1025,1000,1037.5,1025,1082.5,1100,1100,1125,1099,1112.5,1100,1100,1095,1125,1125,1100,1125,1150,1172.5,1195,1150,1150,1135,1110,1100,1182.5,1125,1150,1150,1125,1150
"Pleasant Valley","Austin","TX","Austin","Travis",187,,,,,,,,,,,,,,,,,,,,,,,,,,,,,,,,,,,,,,,,,,,,595,595,595,595,595,595,595,595,592.5,592.5,590,589.5,595,595,595,592.5,592.5,592.5,590,592.5,590,592.5,595,595,595,595
"North Gateway","Phoenix","AZ","Phoenix","Maricopa",188,,,,,,,,,,,,,,,1600,1600,1625,1595,1550,1550,1650,1695,1590,1572.5,1500,1500,1525,1600,1599.5,1595,1550,1400,1495,1495,1500,1600,1650,1650,1597.5,1550,1562.5,1500,1450,1397.5,1412.5,1475,1495,1500,1500,1525,1600,1650,1747.5,1725,1697.5,1600,1600,1615,1650,1695,1695,1722.5,1797.5,1697.5,1675,1695,1650,1595,1537.5
"Buckroe","Hampton","VA","Virginia Beach","Hampton City",189,,,,,,,,,,,,,,,,,,,,,,,,,,,,,,,,,,,,,,,,,,,,,,,,,,,,,,,,975,1017.5,1085,1037.5,995,975,985,962.5,1095,997.5,995,1025,1100,1050
"Boulevard Heights","Hollywood","FL","Miami-Fort Lauderdale","Broward",190,,,,,,,,,,,,,,,,,,,,,,,,,,,,1400,1450,1450,1550,1575,1550,1575,1562.5,1500,1500,1600,1695,1672.5,1700,1692,1650,1689,1625,1599.5,1550,1575,1600,1612.5,1625,1700,1625,1712.5,1700,1675,1625,1650,1625,1650,1650,1675,1669,1695,1600,1695,1762.5,1700,1700
"Beverly Glen","Los Angeles","CA","Los Angeles-Long Beach-Anaheim, CA","Los Angeles",191,,,,,,,,,,,,,,,,,,,,,,,,,,,,,,,,,,,,,,,,,,,,,,,,,,,,,,,,10000,10250,8750,9750,9875,9995,10500,10750,11250,9647.5,9000,10500,11000,10150
"Alamo Farmsteads-Babcock Road","San Antonio","TX","San Antonio","Bexar",192,,,,,,,,,,,,,,,,,,,,,,,,,,,,,,,,,,,,,,,,,,970,1120,1115,1135,1100,1050,1057,1079.5,1100,1142.5,1100,1064,1107.5,1095,1030,1030,1030,1030,1030,1064,1057,1030,1030,1047,1142.5,1032.5,1054.5,1045
"Corona del Mar","Newport Beach","CA","Los Angeles-Long Beach-Anaheim, CA","Orange",193,,,,,,,,,,,,,,,,,,,,,,,,,,,,,,,,,,,,,,,,,,,,,,,,,6000,6000,5400,6000,5650,6100,6000,5800,5500,5125,5900,6000,6000,6000,6000,6000,6400,5900,6000,6200,6100
"Belair","Augusta","GA","Augusta","Richmond",194,,,,,,,,,,,,,,,,,,,,,,,,,,,,,,,,,,,,,,,,,,,,,,,,,,,,,,,,,1022.5,1050,1075,1075,1100,1022.5,975,1112.5,1150,1175,1062.5,1000,1000
"Kyle Canyon","Las Vegas","NV","Las Vegas","Clark",195,,,,,,,,,,,,,,,,,,1250,1195,1237.5,1195,1100,1200,1250,1250,1250,1200,1200,1200,1225,1195,1185,1237.5,1297.5,1250,1200,1200,1200,1200,1200,1200,1250,1200,1200,1195,1200,1190,1200,1245,1250,1250,1250,1212.5,1272.5,1295,1240,1245,1250,1245,1247.5,1250,1295,1300,1275,1250,1249.5,1272.5,1285,1250
"Jacksonville Heights","Jacksonville","FL","Jacksonville","Duval",196,,,,,,,,,,,,,,,,,,850,850,850,895,850,850,862.5,850,950,950,950,950,900,950,975,982.5,950,950,950,950,950,900,950,950,937.5,975,950,949.5,925,930,925,910,925,925,935,922.5,950,912.5,900,925,950,950,950,950,975,995,995,995,995,1025,975,997
"North King St","Hampton","VA","Virginia Beach","Hampton City",197,,,,,,,,,,,,,,,,,,,,,,,,,,,,,,,,,,,,,,,,,,,,,,,1100,1025,1050,1050,1072.5,1095,1250,1297.5,1350,1300,1200,1200,1150,1100,1200,1200,1180,1197.5,1200,1200,1200,1350,1225
"Bagley","Detroit","MI","Detroit","Wayne",198,,,,,,,,,,,,,,,,,,,,,750,725,750,800,800,795,812.5,850,825,797.5,850,850,850,850,850,850,812.5,850,800,800,800,850,827.5,850,800,850,850,800,850,850,825,812.5,800,825,800,800,800,800,785,800,800,800,850,825,850,775,800,850,850
"Cambridgeport","Cambridge","MA","Boston","Middlesex",199,,,,,,,,,,,,,,,,,,,,,,,,,,,,,2900,3175.5,3125,3160,2986,2900.5,2905.5,2900.5,2914,2930,2950,3075,3000,3110,3110,3132.5,3092.5,3075,3110,3167.5,3167.5,3296,3262.5,3132.5,3092.5,3092.5,3075,3075,3092.5,3110,3092.5,3132.5,3132.5,3132.5,3229,3193,3186.5,3186.5,3075,3110,3132.5
"Power Ranch","Gilbert","AZ","Phoenix","Maricopa",200,,,,,,,,,,,,,,,,,1250,1250,1295,1337.5,1250,1195,1225,1350,1350,1275,1300,1297.5,1325,1297.5,1295,1350,1350,1350,1295,1295,1262.5,1295,1295,1295,1299,1300,1325,1350,1350,1350,1349,1300,1299,1300,1349,1350,1350,1375,1375,1385,1325,1300,1300,1325,1350,1400,1350,1450,1425,1400,1400,1425,1380
"Manayunk","Philadelphia","PA","Philadelphia","Philadelphia",201,,,,,,,,,,,,,,,,,,,,,,,,,,,,,,,,,,,,,,,,,,,,,,,,,,,,,,,,,1550,1562.5,1700,1750,1725,1700,1725,1650,1600,1662.5,1700,1600,1600
"Del Rio","Jacksonville","FL","Jacksonville","Duval",202,,,,,,,,,,,,,,,,,1100,1125,1150,1200,1195,1197.5,1150,1147.5,1200,1200,1197.5,1150,1150,1200,1200,1200,1200,1285,1197.5,1250,1250,1250,1250,1200,1200,1200,1250,1237.5,1250,1250,1275,1250,1200,1250,1225,1250,1250,1250,1197,1250,1300,1250,1250,1250,1285,1275,1250,1212.5,1225,1275,1275,1275,1285
"Villages of Woodland Springs","Fort Worth","TX","Dallas-Fort Worth","Tarrant",203,,,,,,,,,,,,,,,,,,,,,,,,,,,,,1500,1587.5,1595,1450,1497.5,1450,1425,1400,1400,1450,1497.5,1550,1595,1500,1512.5,1500,1532.5,1500,1500,1500,1562.5,1550,1525,1495,1537.5,1567.5,1500,1500,1575,1525,1495,1525,1500,1572.5,1562.5,1575,1695,1675,1650,1600,1650
"Grandmont-Rosedale","Detroit","MI","Detroit","Wayne",204,,,,,,,,,,,,,,,,,,,,,800,800,800,775,800,787.5,800,800,800,780,765,757.5,800,800,800,800,800,800,800,800,800,800,800,800,800,800,794.5,800,800,800,800,800,800,775,775,750,750,750,750,762.5,762.5,750,750,785,795,800,850,800,800
"Pinnacle Peak","Scottsdale","AZ","Phoenix","Maricopa",205,,,,,,,,,,,,,,,,,4000,4000,4125,4500,4500,4500,4500,4375,4250,4100,4000,4499,4000,4000,4000,4000,4500,4500,4000,4100,4225,4000,4250,3500,3000,3025,3050,3200,3500,3250,3437.5,3100,3200,3385,3200,3600,3550,3500,3500,4000,4000,4000,4000,4000,4250,4200,4350,4500,4500,4500,4500,4800,4500
"Stone Oak","San Antonio","TX","San Antonio","Bexar",206,,,,,,,,,,,,,,,,,,,,,,,,,,,,,,,,,,,,,,,,,,1505,1525,1460,1600,1525,1525,1562.5,1635,1650,1725,1625,1570,1750,1750,1635,1642.5,1725,1700,1747.5,1697.5,1725,1785,1635,1650,1505,1460,1460,1642.5
"North Hills","El Paso","TX","El Paso","El Paso",207,,,,,,,,,,,,,,,,,,,,,,,,,,,,,,,,,1350,1350,1312.5,1300,1297.5,1295,1300,1325,1337.5,1350,1300,1250,1300,1300,1300,1300,1300,1300,1300,1350,1350,1300,1295,1300,1297,1300,1297.5,1245,1250,1300,1300,1297.5,1295,1295,1350,1300,1295
"Hunters Point","New York","NY","New York","Queens",208,,,,,,,,,,,,,,,,,,,,,,,,,,,,,,,,,,,,,2700,2980,2977,2895,2897.5,2802.5,2820,2821.5,2820,2810,2815,2824,2825,2825,2825,2821.5,2820,2815,2824.5,2823,2823.5,2825,2825,2817.5,2802.5,2821.5,2820,2825,2825,2824,2820,2810,2815
"Mercury Central","Hampton","VA","Virginia Beach","Hampton City",209,,,,,,,,,,,,,,,,,,,,,,,,,,,,,,,,,,,,,,,,,,,,,,,,,837.5,897.5,897.5,895,925,800,812.5,825,837.5,812.5,800,800,787.5,800,800,922.5,1000,947.5,825,775,850
"Wells Branch","Austin","TX","Austin","Travis",210,,,,,,,,,,,,,,,,,,,,,,,,,,,,,,,,,,,,837,925,953.5,925,933,953,1000,953,931,896,940.5,928,931,956,997.5,1007.5,956,953,967.5,967.5,950,940.5,896,928,931,928,928,940.5,987,979,979,967.5,979,950
"The Loop","Chicago","IL","Chicago","Cook",211,,,,,,,,,,,,,1720,1710,1720,1761,1750,1830,1866,1868,1895,1915,1925,1885,1871,1885,1888.5,1909,1918.5,1951,1995,2017,1962,2034,1930,1930,1950,1880,1925,1982,2093,1880,1750.5,1780,1790,1780,1780,1780,1770,1731,1750.5,1770,1780,1880,1889,1780,1770,1770,1790,1838,1810,1790,1922.5,1922.5,1770,1770,1770,1770,1750.5
"Highland Creek","Charlotte","NC","Charlotte","Mecklenburg",212,,,,,,,,,,,,,,,,,,,,,,,,,,,,,,,,,,,,,1295,1275,1250,1395,1395,1350,1362.5,1350,1275,1290,1300,1325,1350,1375,1385,1397.5,1375,1400,1437.5,1450,1400,1450,1450,1399,1407.5,1500,1450,1450,1450,1450,1450,1425,1445
"Franklin Park","Detroit","MI","Detroit","Wayne",213,,,,,,,,,,,,,,,,,,,,,,,,,,,,,650,650,650,682.5,700,700,700,700,700,697.5,682.5,700,700,700,700,700,687.5,700,650,687.5,725,750,750,700,700,725,725,750,749,712.5,750,712.5,700,725,750,700,700,725,700,712.5,700
"Falcon","Colorado Springs","CO","Colorado Springs","El Paso",214,,,,,,,,,,,,,,,,,,,,,,,,1200,1200,1285,1250,1295,1225,1250,1250,1250,1250,1250,1250,1295,1350,1349,1295,1300,1300,1350,1299,1395,1395,1350,1350,1395,1350,1350,1350,1450,1375,1395,1395,1337.5,1400,1400,1362.5,1350,1400,1385,1437.5,1400,1395,1395,1400,1425,1425
"West Meadows","Tampa","FL","Tampa","Hillsborough",215,,,,,,,,,,,,,,,,,,,,,,,,,,,,,,,,,,,,,,,1787.5,1800,1750,1750,1800,1767.5,1995,1837.5,1812.5,1795,1797.5,1795,1785,1837.5,1875,1912.5,1797.5,1737.5,1700,1825,1800,1700,1650,1795,1800,1800,1972.5,1767.5,1767.5,1777.5,1800
"East Cambridge","Cambridge","MA","Boston","Middlesex",216,,,,,,,,,,,,,,,,2734,2738,2752,2752,2800,2800,2951,2951,2990,2934,3000,3068.5,3068.5,2860,2900,2934,3144,3136,3088,3094,3049,3055.5,3122,3082,3055.5,3096,3151.5,3132,3109.5,3100,3124.5,3109.5,3124.5,3117,3102,3100,3132,3135,3133.5,3135,3150,3158,3166,3150.5,3135,3166,3176,3150.5,3189,3188,3189.5,3171,3117,3132
"Georgian Acres","Austin","TX","Austin","Travis",217,,,,,,,,,,,,,,,,,,,,,,,,,,,,,,,,,,,,,620,640,709,750,678,687,678,669,657,657,657,669,678,678,678,657,687,678,669,687,687,720.5,698,698,678,657,657,669,678,669,657,657,669
"Canton","Baltimore","MD","Baltimore","Baltimore City",218,,,,,,,,,,,,,,,,,,,,,,,,,,,,,,,,,,,,,,,,,,,,2000,2175,1950,1950,1900,1900,1950,1850,1800,1850,1797.5,1850,1990,1850,1800,1875,1900,2000,2200,2000,2050,2000,2000,2000,2000,1850
"Barton-McFarland","Detroit","MI","Detroit","Wayne",219,,,,,,,,,,,,,,,,,,,,,,,,,,,,,600,700,650,637.5,650,675,672.5,637.5,650,700,615,700,625,687.5,725,750,750,750,700,700,700,700,725,750,750,750,750,700,700,700,725,712.5,737.5,750,750,750,762.5,750,750,750,750
"Murray Hill","Jacksonville","FL","Jacksonville","Duval",220,,,,,,,,,,,,,,,,750,795,795,750,795,750,762.5,775,750,750,750,750,795,795,795,795,797,795,797.5,795,795,750,785,795,797.5,795,850,862.5,795,850,785,812.5,800,795,795,795,837.5,850,850,800,850,800,825,850,825,850,850,862.5,850,875,875,875,875,875
"Highlands","Jacksonville","FL","Jacksonville","Duval",221,,,,,,,,,,,,,,,,,,,,,,,,,,,,,,,,,,,,,,,,,,,,,,,,,850,850,850,862.5,850,872.5,850,895,850,850,875,950,892.5,850,850,875,850,900,900,925,850
"River North","Chicago","IL","Chicago","Cook",222,,,,,,,,,,,,,2082,2102,2127.5,2222.5,2205,2200,2200,2265,2200,2199,2175,2175,2170.5,2185,2330,2245,2200,2225,2200,2100,2181.5,2225,2342,2280,2280,2325,2395,2375,2353,2309,2300,2300,2339.5,2342,2342,2342,2342,2309,2342,2354,2304.5,2300,2323,2339.5,2301.5,2299.5,2299,2339.5,2354,2355,2354.5,2355,2342,2339.5,2342,2337,2323
"Midtown","Houston","TX","Houston","Harris",223,,,,,,,,,,,,,,,,,,,,,,,,,,,,,,,,,,,,,,,,,,,,,,,,,,,,,,,,,,2100,2100,2250,2200,2250,2400,2421,2572,2435.5,2322.5,2300,2375
"Cedar Hills","Jacksonville","FL","Jacksonville","Duval",224,,,,,,,,,,,,,,,,,,,,,,,,,,,,,,,,,,,,,,,,,,,,,,,,,912,912.5,925,975,975,975,950,950,995,995,995,995,995,995,985,995,987.5,962.5,975,975,985
"Hyde Park","Jacksonville","FL","Jacksonville","Duval",225,,,,,,,,,,,,,,,,,,,,,,,,,,,,,,,,,,,,,,,,,,887.5,862.5,850,949,950,975,975,945,925,925,997.5,925,950,899,900,937.5,900,925,937.5,950,962.5,995,1025,995,995,950,975,975
"Naples Park","Naples","FL","Naples","Collier",226,,,,,,,,,,,,,,,,,,,,,,,,,,,,,,,,,,,,,,,,,,,,,,,,,,,,,,,,4100,4500,4325,4500,4500,4500,4600,4500,4422.5,4295,4350,4500,4700,4500
"South-West Coconut Grove","Miami","FL","Miami-Fort Lauderdale","Miami-Dade",227,,,,,,,,,,,,,,,,,4100,3900,3750,3500,3400,3500,3250,2950,2950,3450,3200,3400,3500,3300,3000,3000,3000,3300,3100,3100,3150,3250,2995,3000,3250,3300,3200,3000,2990,2950,3100,3300,3150,3200,3200,3375,3500,3500,3600,3350,3450,3250,3200,3375,3550,3250,3600,3500,3675,3500,3500,3500,3500
"Vista East","Orlando","FL","Orlando","Orange",228,,,,,,,,,,,,,,,,,,,,,,,,,,,,,,,1450,1375,1350,1260,1250,1400,1355,1315,1305,1397.5,1450,1435,1450,1450,1362.5,1350,1300,1350,1395,1410,1350,1422.5,1495,1395,1375,1495,1485,1472.5,1372.5,1525,1600,1495,1550,1675,1750,1550,1550,1625,1750
"Isle of Normandy","Miami Beach","FL","Miami-Fort Lauderdale","Miami-Dade",229,,,,,,,,,,,,,,,,,,,,,,,,,,,,,,,,,,,,,,,,,,,,,,,,,3500,3500,3500,3900,3900,3950,4000,3975,3900,3900,4000,3350,3200,3500,3912.5,3500,3800,4000,4000,4200,4200
"Victoria Park","Fort Lauderdale","FL","Miami-Fort Lauderdale","Broward",230,,,,,,,,,,,,,,,,,,,,,,,,,,,,,,,,,,,,,,,2900,2900,2950,2800,2875,2700,2700,2650,2700,2995,2997.5,2900,2950,3000,3000,3000,3200,3200,3250,3200,3200,3000,3000,3000,3000,3000,3000,3095,3125,3050,3050
"Bouldin","Austin","TX","Austin","Travis",231,,,,,,,,,,,,,,,,,,,,,,,,,,,,,,,,,,,,,,,,,1285,1325,1275,1297.5,1285,1295,1234,1199,1229,1229,1229,1231.5,1189.5,1275,1300,1285,1231.5,1158.5,1250,1285,1234,1231.5,1295,1300,1300,1300,1350,1350,1300
"Blue Hills","Kansas City","MO","Kansas City","Jackson",232,,,,,,,,,,,,,,,,,,,,,,,,,,,,,,,,,,,,,,,,,,,,,,,,650,650,650,650,625,625,650,650,650,650,695,695,711,750,750,750,750,725,750,750,750,697.5
"West End","Boston","MA","Boston","Suffolk",233,,,,,,,,,,,,,,,,,,,,,,,,,,,,,,,3793,3720,3384,3305,3337,3144.5,3138,3075,3253.5,3229,3121,3076,2915,2999,3025,3025,3025,3050.5,3025,3025,3025,3012,3012,2999,2995,2992.5,2999,2999,3012,3012,3012,3012,3012,3012,3012,3012,3012,3012,3012
"West Loop Gate","Chicago","IL","Chicago","Cook",234,,,,,,,,,,,,,,,,,,1749,1904,1731,1705,1709.5,1752.5,1699.5,1569,1604,1622,1591,1608.5,1699.5,1550,1465,1547,1591.5,1522.5,1573,1545,1499,1479.5,1513.5,1542,1555,1528.5,1528.5,1528.5,1532,1532,1528.5,1528.5,1528.5,1532,1528.5,1528.5,1532,1532,1528.5,1528.5,1528.5,1528.5,1528.5,1537,1528.5,1528.5,1528.5,1528.5,1528.5,1528.5,1528.5,1528.5
"Zilker","Austin","TX","Austin","Travis",235,,,,,,,,,,,,,,,,,,,,,,,,,,,,,,,,,,,,,,1550,1495,1445,1605,1642.5,1590,1595,1595,1800,1660,1632.5,1600,1750,1860,1595,1595,1550,1595,1700,1595,1567.5,1660,1600,1585,1660,1605,1605,1632.5,1605,1600,1680,1700
"New East Side","Chicago","IL","Chicago","Cook",236,,,,,,,,,,,,,,,,,,,,,,,,,,,,,,,,,,,,,,,,,,,2100,2130,2130,2146,2130,2146,2146,2146,2146,2130,2115,2115,2115,2115,2115,2115,2115,2115,2115,2115,2115,2115,2130,2130,2115,2115,2115
"Oceanway","Jacksonville","FL","Jacksonville","Duval",237,,,,,,,,,,,,,,,,,,,,,,,,,,,,,,,,,,,,,,,1250,1295,1300,1300,1300,1272.5,1300,1312.5,1295,1250,1250,1250,1250,1272.5,1300,1300,1300,1300,1297.5,1295,1300,1295,1250,1300,1300,1300,1295,1345,1345,1325,1350
"Sonterra-Stone Oak","San Antonio","TX","San Antonio","Bexar",238,,,,,,,,,,,,,,,,,,,,,,,,,,,,,,,,,,,,,,,,,,,,1237,1262.5,1250,1250,1250,1250,1262.5,1285,1275,1295,1250,1250,1243.5,1295,1262.5,1250,1285,1285,1243.5,1250,1262.5,1285,1275,1301,1301,1295
"Fulton River District","Chicago","IL","Chicago","Cook",239,,,,,,,,,,,,,,,,,1788.5,1770,1763,1752,1776,1776,1847.5,1852,1875,1850,2061,1987,1963,1955,1880,1800,1939,1960,1935,1923,1959,1900,1917,1939,1945,1945,1854,1867,1880,1880,1854,1867,1880,1897.5,1942.5,1940,1880,1950,1940,1915,1897.5,1940,1942.5,1940,1907.5,1880,1950,2030,1915,1880,1854,1867,1867
"The Cape","Jacksonville","FL","Jacksonville","Duval",240,,,,,,,,,,,,,,,,,,,,,,,,,,,,,,,,,1350,1325,1300,1297.5,1300,1325,1350,1350,1350,1395,1350,1372.5,1355,1375,1375,1385,1350,1350,1350,1400,1395,1385,1395,1375,1375,1385,1397.5,1395,1337.5,1350,1395,1450,1450,1437.5,1425,1412.5,1400
"Thousand Oaks","San Antonio","TX","San Antonio","Bexar",241,,,,,,,,,,,,,,,,,,,,,,,,,,,,,,,,,,,,,,,,825,855,825,825,835.5,825,825,825,825,835.5,848,850,850,846,835.5,846,835.5,825,825,825,825,825,825,835.5,825,825,825,825,825,825
"Friedrich Wilderness Park","San Antonio","TX","San Antonio","Bexar",242,,,,,,,,,,,,,,,,,,,,,,,,,,,,,,,,,,,,1540,1530,1450,1495,1375,1559,1385,1625,1576.5,1559,1568,1535,1540,1585,1605,1628,1540,1568,1605,1595,1616.5,1585,1576.5,1576.5,1595,1585,1605,1595,1605,1576.5,1576.5,1576.5,1554,1585
"Washington Village","Baltimore","MD","Baltimore","Baltimore City",243,,,,,,,,,,,,,,,,,,1250,1255,1300,1280,1174.5,1174.5,1200,1250,1225,1149,1175,1100,1100,1175,1200,1200,1250,1250,1300,1350,1299.5,1299.5,1200,1200,1200,1200,1200,1200,1200,1200,1150,1174.5,1200,1200,1300,1300,1250,1247.5,1262.5,1200,1200,1154.5,1200,1200,1250,1200,1200,1250,1287.5,1240,1250,1250
"Fairgrounds","Indianapolis","IN","Indianapolis","Marion",244,,,,,,,,,,,,,,,,,,,,,,,,,,,,,,,,,,,,,,,,,,,,,,,,,,,,,,,837.5,900,825,737.5,750,772.5,800,812.5,870,850,850,825,937.5,850,850
"Eagledale","Indianapolis","IN","Indianapolis","Marion",244,,,,,,,,,,,,,,,,,,,,,,700,700,695,700,725,750,750,762.5,750,750,762.5,750,750,750,750,750,750,762.5,750,750,750,750,750,750,750,750,750,750,750,750,750,750,750,750,750,750,750,750,750,750,750,750,756.5,750,750,750,770,750
"Snacks-Guion Creek","Indianapolis","IN","Indianapolis","Marion",244,,,,,,,,,,,,,,,,,,,,,,,,,,,,,,,,,,,,,,,,,,,,,,,,,1135,1150,1135,1175,1185,1150,1150,1125,1137.5,1100,1137.5,1150,1162.5,1147.5,1145,1112.5,1172.5,1150,1195,1150,1175
"Martindale-Brightwood","Indianapolis","IN","Indianapolis","Marion",244,,,,,,,,,,,,,,,,,,,,,,,,,,,,,,,,,,,,,,650,637.5,637.5,650,697.5,681.5,750,750,650,650,650,688,688,688,675,650,650,625,650,650,650,650,650,650,650,662.5,675,675,675,675,650,650
"Near Eastside","Indianapolis","IN","Indianapolis","Marion",244,,,,,,,,,,,,,,,,,,,,,,,,600,650,650,635,650,635,650,650,612.5,650,650,650,650,650,650,662.5,675,685,675,675,675,675,675,650,650,675,675,675,650,650,650,650,650,650,650,650,650,675,675,675,675,675,675,675,675,675
"Near Southeast","Indianapolis","IN","Indianapolis","Marion",244,,,,,,,,,,,,,,,,,,,,,,,,,,,,,,,,,650,675,650,662.5,700,700,700,687.5,675,675,695,675,700,700,700,700,725,725,725,725,700,700,700,700,700,700,700,695,700,700,695,700,700,700,712.5,700,697
"Chapel Hill-Ben Davis","Indianapolis","IN","Indianapolis","Marion",244,,,,,,,,,,,,,,,,,,,,,,,,,,,,,,,,,,,,,,,,,1100,1150,1150,1197.5,1195,1150,1150,1145,1150,1150,1125,1150,1145,1150,1150,1150,1097,1097.5,1100,1100,1125,1150,1150,1107.5,1150,1150,1190,1125,1162.5
"Far Eastside","Indianapolis","IN","Indianapolis","Marion",244,,,,,,,,,,,,,,,,,,795,800,795,795,800,799,800,799,795,775,775,750,750,750,775,775,795,795,800,825,850,850,875,825,875,899.5,850,835,850,850,875,860,897.5,900,950,925,925,950,950,950,925,950,950,972.5,975,950,997.5,1000,985,950,895,895
